id,0,1,2,3,4,5,6,7,8,9,10,11,12,13,14,15,16,17,class
0.0,0.0,25.0,19.0,0.0,0.0,14.0,0.0,2.0,0.0,0.0,0.0,2.0,1.0,5.0,0.0,1.0,6.0,21.0,25
1.0,0.0,25.0,16.0,0.0,0.0,14.0,0.0,0.0,0.0,0.0,0.0,2.0,1.0,4.0,0.0,0.0,5.0,24.0,25
2.0,0.0,25.0,15.0,0.0,2.0,13.0,0.0,0.0,0.0,0.0,0.0,3.0,1.0,3.0,0.0,0.0,5.0,22.0,25
3.0,0.0,25.0,18.0,0.0,2.0,15.0,2.0,5.0,0.0,0.0,2.0,0.0,0.0,5.0,0.0,0.0,6.0,22.0,25
4.0,0.0,25.0,18.0,0.0,0.0,15.0,4.0,2.0,0.0,0.0,0.0,3.0,0.0,0.0,0.0,0.0,5.0,19.0,0
5.0,0.0,25.0,17.0,0.0,0.0,15.0,0.0,0.0,0.0,0.0,0.0,2.0,1.0,4.0,0.0,0.0,5.0,23.0,25
6.0,1.0,25.0,21.0,0.0,0.0,19.0,0.0,0.0,0.0,0.0,0.0,3.0,1.0,2.0,0.0,0.0,3.0,20.0,25
7.0,0.0,25.0,16.0,0.0,0.0,14.0,1.0,3.0,0.0,0.0,0.0,3.0,1.0,5.0,0.0,1.0,8.0,20.0,25
8.0,0.0,25.0,18.0,0.0,0.0,14.0,1.0,1.0,0.0,0.0,0.0,1.0,1.0,4.0,0.0,0.0,6.0,22.0,25
9.0,0.0,25.0,19.0,0.0,0.0,17.0,5.0,1.0,2.0,2.0,1.0,3.0,0.0,3.0,0.0,0.0,5.0,19.0,0
10.0,0.0,25.0,19.0,0.0,0.0,17.0,0.0,1.0,0.0,0.0,0.0,1.0,1.0,3.0,1.0,0.0,4.0,23.0,25
11.0,0.0,25.0,18.0,0.0,0.0,13.0,5.0,3.0,0.0,0.0,3.0,0.0,0.0,6.0,0.0,0.0,6.0,19.0,0
12.0,0.0,25.0,18.0,0.0,0.0,14.0,0.0,0.0,0.0,0.0,0.0,0.0,1.0,2.0,1.0,0.0,5.0,20.0,25
13.0,0.0,25.0,18.0,0.0,0.0,16.0,0.0,0.0,0.0,0.0,0.0,3.0,1.0,3.0,0.0,1.0,5.0,23.0,25
14.0,0.0,25.0,14.0,0.0,0.0,12.0,1.0,1.0,0.0,0.0,0.0,2.0,1.0,5.0,0.0,0.0,8.0,20.0,25
15.0,0.0,25.0,18.0,0.0,0.0,15.0,0.0,0.0,0.0,0.0,0.0,8.0,2.0,1.0,1.0,1.0,3.0,21.0,25
16.0,0.0,25.0,18.0,0.0,0.0,13.0,5.0,3.0,0.0,0.0,3.0,2.0,0.0,5.0,0.0,0.0,5.0,20.0,0
17.0,0.0,25.0,17.0,0.0,0.0,14.0,1.0,1.0,0.0,0.0,0.0,4.0,1.0,3.0,0.0,0.0,4.0,21.0,25
18.0,0.0,25.0,18.0,0.0,0.0,16.0,0.0,0.0,0.0,0.0,0.0,1.0,1.0,3.0,0.0,0.0,3.0,24.0,25
19.0,0.0,25.0,18.0,0.0,0.0,13.0,6.0,4.0,0.0,0.0,1.0,4.0,0.0,1.0,0.0,0.0,6.0,16.0,0
20.0,0.0,25.0,14.0,0.0,1.0,11.0,2.0,2.0,0.0,0.0,0.0,4.0,1.0,3.0,0.0,0.0,6.0,21.0,0
21.0,1.0,25.0,19.0,0.0,0.0,17.0,2.0,1.0,4.0,2.0,1.0,0.0,2.0,3.0,2.0,2.0,3.0,20.0,0
22.0,0.0,25.0,19.0,0.0,0.0,12.0,5.0,5.0,0.0,0.0,1.0,0.0,0.0,1.0,0.0,0.0,5.0,16.0,0
23.0,0.0,25.0,18.0,0.0,0.0,15.0,1.0,1.0,0.0,0.0,0.0,3.0,1.0,2.0,0.0,0.0,4.0,21.0,25
24.0,0.0,25.0,17.0,0.0,0.0,14.0,5.0,3.0,0.0,0.0,1.0,3.0,0.0,5.0,0.0,0.0,5.0,20.0,0
25.0,0.0,25.0,17.0,0.0,0.0,15.0,5.0,4.0,0.0,0.0,3.0,2.0,0.0,7.0,0.0,0.0,7.0,22.0,0
26.0,0.0,25.0,18.0,0.0,0.0,13.0,5.0,5.0,0.0,0.0,1.0,2.0,0.0,2.0,0.0,0.0,6.0,18.0,0
27.0,0.0,25.0,19.0,0.0,0.0,17.0,0.0,0.0,0.0,0.0,0.0,3.0,2.0,2.0,1.0,1.0,3.0,23.0,25
28.0,0.0,25.0,18.0,0.0,0.0,14.0,1.0,1.0,0.0,0.0,1.0,4.0,1.0,3.0,0.0,0.0,4.0,23.0,25
29.0,0.0,25.0,18.0,0.0,0.0,14.0,2.0,2.0,0.0,0.0,0.0,1.0,1.0,4.0,0.0,1.0,7.0,20.0,25
30.0,0.0,25.0,16.0,0.0,0.0,14.0,5.0,4.0,0.0,0.0,3.0,1.0,0.0,8.0,0.0,0.0,8.0,22.0,0
31.0,0.0,25.0,15.0,0.0,0.0,13.0,6.0,4.0,0.0,0.0,1.0,0.0,0.0,1.0,0.0,0.0,6.0,19.0,0
32.0,0.0,25.0,19.0,0.0,0.0,15.0,0.0,0.0,0.0,0.0,0.0,0.0,2.0,3.0,1.0,1.0,4.0,20.0,25
33.0,0.0,25.0,16.0,0.0,0.0,13.0,6.0,5.0,0.0,0.0,1.0,2.0,0.0,3.0,0.0,0.0,8.0,19.0,0
34.0,0.0,25.0,12.0,0.0,0.0,10.0,7.0,5.0,0.0,0.0,1.0,3.0,0.0,2.0,0.0,0.0,11.0,15.0,0
35.0,0.0,25.0,17.0,0.0,0.0,15.0,5.0,1.0,2.0,2.0,1.0,0.0,2.0,5.0,2.0,2.0,7.0,19.0,0
36.0,0.0,25.0,16.0,0.0,0.0,13.0,1.0,1.0,0.0,0.0,0.0,4.0,2.0,3.0,1.0,1.0,5.0,21.0,25
37.0,0.0,25.0,16.0,0.0,0.0,14.0,0.0,0.0,0.0,0.0,0.0,6.0,2.0,4.0,1.0,1.0,5.0,21.0,25
38.0,1.0,25.0,21.0,0.0,0.0,20.0,0.0,0.0,0.0,0.0,0.0,3.0,2.0,0.0,2.0,0.0,3.0,21.0,25
39.0,0.0,25.0,18.0,0.0,0.0,12.0,6.0,2.0,0.0,0.0,2.0,5.0,0.0,6.0,0.0,0.0,6.0,18.0,0
40.0,0.0,25.0,17.0,0.0,0.0,15.0,4.0,3.0,0.0,0.0,0.0,0.0,0.0,1.0,0.0,0.0,5.0,19.0,0
41.0,0.0,25.0,18.0,0.0,0.0,15.0,5.0,3.0,0.0,0.0,3.0,2.0,0.0,5.0,0.0,0.0,5.0,22.0,0
42.0,0.0,25.0,15.0,0.0,0.0,13.0,5.0,5.0,0.0,0.0,1.0,2.0,0.0,2.0,0.0,0.0,7.0,20.0,0
43.0,0.0,25.0,17.0,0.0,0.0,15.0,0.0,1.0,0.0,0.0,0.0,0.0,1.0,3.0,0.0,0.0,7.0,21.0,25
44.0,0.0,25.0,15.0,0.0,0.0,12.0,6.0,6.0,0.0,0.0,1.0,2.0,0.0,3.0,0.0,0.0,10.0,18.0,0
45.0,0.0,25.0,15.0,0.0,0.0,12.0,5.0,3.0,0.0,0.0,3.0,4.0,0.0,8.0,0.0,0.0,8.0,21.0,0
46.0,0.0,25.0,18.0,0.0,0.0,16.0,0.0,0.0,0.0,0.0,0.0,1.0,1.0,3.0,0.0,1.0,5.0,23.0,25
47.0,0.0,25.0,17.0,0.0,0.0,15.0,1.0,1.0,0.0,0.0,0.0,2.0,2.0,3.0,1.0,1.0,5.0,20.0,25
48.0,0.0,25.0,19.0,0.0,0.0,17.0,2.0,1.0,2.0,4.0,1.0,5.0,0.0,3.0,2.0,0.0,3.0,19.0,0
49.0,0.0,25.0,18.0,0.0,0.0,14.0,0.0,1.0,0.0,0.0,0.0,1.0,1.0,3.0,1.0,0.0,5.0,21.0,25
50.0,0.0,25.0,17.0,0.0,0.0,16.0,0.0,0.0,0.0,0.0,0.0,4.0,2.0,2.0,1.0,1.0,4.0,23.0,25
51.0,0.0,25.0,19.0,0.0,0.0,18.0,0.0,0.0,0.0,0.0,0.0,2.0,1.0,2.0,1.0,0.0,3.0,24.0,25
52.0,0.0,25.0,18.0,0.0,0.0,18.0,5.0,5.0,0.0,0.0,0.0,6.0,0.0,0.0,0.0,0.0,5.0,16.0,0
53.0,0.0,25.0,18.0,0.0,0.0,16.0,0.0,1.0,0.0,0.0,0.0,1.0,1.0,4.0,0.0,1.0,6.0,23.0,25
54.0,0.0,25.0,16.0,0.0,0.0,12.0,5.0,3.0,0.0,0.0,1.0,5.0,0.0,2.0,0.0,0.0,6.0,19.0,0
55.0,0.0,25.0,17.0,0.0,0.0,14.0,6.0,4.0,0.0,0.0,1.0,0.0,0.0,1.0,0.0,0.0,6.0,20.0,0
56.0,0.0,25.0,18.0,0.0,0.0,14.0,0.0,0.0,0.0,0.0,0.0,4.0,2.0,3.0,1.0,1.0,4.0,21.0,25
57.0,0.0,25.0,19.0,0.0,0.0,13.0,4.0,2.0,0.0,0.0,0.0,5.0,0.0,0.0,0.0,0.0,5.0,16.0,0
58.0,0.0,25.0,15.0,0.0,0.0,13.0,5.0,5.0,0.0,0.0,1.0,0.0,0.0,2.0,0.0,0.0,8.0,19.0,0
59.0,0.0,25.0,18.0,0.0,0.0,15.0,0.0,1.0,0.0,0.0,0.0,2.0,1.0,4.0,0.0,1.0,5.0,23.0,25
60.0,0.0,25.0,17.0,0.0,0.0,14.0,5.0,4.0,0.0,0.0,3.0,1.0,0.0,6.0,0.0,0.0,6.0,22.0,0
61.0,0.0,25.0,17.0,0.0,0.0,13.0,5.0,1.0,2.0,2.0,1.0,4.0,2.0,3.0,0.0,0.0,5.0,18.0,0
62.0,0.0,25.0,18.0,0.0,0.0,14.0,0.0,1.0,0.0,0.0,0.0,2.0,1.0,4.0,0.0,0.0,6.0,22.0,25
63.0,0.0,25.0,18.0,0.0,0.0,16.0,5.0,5.0,0.0,0.0,1.0,1.0,0.0,1.0,0.0,0.0,5.0,20.0,0
64.0,0.0,25.0,18.0,0.0,0.0,15.0,2.0,5.0,0.0,0.0,2.0,4.0,0.0,6.0,0.0,0.0,6.0,24.0,25
65.0,0.0,25.0,17.0,0.0,0.0,15.0,0.0,0.0,0.0,0.0,0.0,4.0,2.0,1.0,1.0,1.0,3.0,20.0,25
66.0,0.0,25.0,16.0,0.0,0.0,13.0,1.0,1.0,0.0,0.0,0.0,1.0,1.0,5.0,0.0,0.0,7.0,20.0,25
67.0,0.0,25.0,20.0,0.0,0.0,19.0,0.0,0.0,0.0,0.0,0.0,4.0,2.0,1.0,1.0,1.0,3.0,20.0,25
68.0,0.0,25.0,12.0,0.0,0.0,10.0,6.0,4.0,0.0,0.0,1.0,1.0,0.0,3.0,0.0,0.0,8.0,15.0,0
69.0,0.0,25.0,18.0,0.0,1.0,14.0,1.0,1.0,0.0,0.0,1.0,1.0,1.0,4.0,1.0,0.0,5.0,22.0,25
70.0,0.0,25.0,15.0,0.0,1.0,13.0,5.0,6.0,0.0,0.0,1.0,0.0,0.0,3.0,0.0,0.0,7.0,20.0,0
71.0,0.0,25.0,17.0,0.0,0.0,14.0,5.0,5.0,0.0,0.0,1.0,0.0,0.0,1.0,0.0,0.0,5.0,20.0,0
72.0,0.0,25.0,15.0,0.0,0.0,13.0,0.0,1.0,0.0,0.0,0.0,5.0,1.0,5.0,1.0,0.0,6.0,24.0,25
73.0,0.0,25.0,19.0,0.0,0.0,17.0,0.0,0.0,0.0,0.0,0.0,0.0,1.0,2.0,1.0,0.0,3.0,23.0,25
74.0,0.0,25.0,19.0,0.0,0.0,14.0,5.0,5.0,0.0,0.0,1.0,0.0,0.0,1.0,0.0,0.0,6.0,18.0,0
75.0,0.0,25.0,17.0,0.0,0.0,12.0,5.0,4.0,0.0,0.0,1.0,1.0,0.0,3.0,0.0,0.0,7.0,18.0,0
76.0,0.0,25.0,18.0,0.0,0.0,15.0,0.0,0.0,0.0,0.0,0.0,3.0,2.0,2.0,1.0,1.0,5.0,19.0,25
77.0,0.0,25.0,16.0,0.0,0.0,12.0,6.0,4.0,0.0,0.0,1.0,2.0,0.0,1.0,0.0,0.0,6.0,15.0,0
78.0,0.0,25.0,18.0,0.0,1.0,13.0,0.0,0.0,0.0,0.0,0.0,3.0,1.0,2.0,1.0,0.0,3.0,20.0,25
79.0,0.0,25.0,18.0,0.0,0.0,15.0,6.0,6.0,0.0,0.0,2.0,1.0,0.0,2.0,0.0,0.0,6.0,19.0,0
80.0,0.0,25.0,17.0,0.0,0.0,15.0,0.0,0.0,0.0,0.0,0.0,4.0,2.0,2.0,1.0,1.0,5.0,21.0,25
81.0,0.0,25.0,16.0,0.0,0.0,14.0,5.0,3.0,0.0,0.0,1.0,6.0,0.0,1.0,0.0,0.0,5.0,20.0,0
82.0,0.0,25.0,16.0,0.0,0.0,14.0,6.0,4.0,0.0,0.0,1.0,1.0,0.0,1.0,0.0,0.0,7.0,19.0,0
83.0,0.0,25.0,17.0,0.0,0.0,13.0,5.0,5.0,0.0,0.0,1.0,0.0,0.0,1.0,0.0,0.0,6.0,18.0,0
84.0,0.0,25.0,18.0,0.0,0.0,14.0,5.0,3.0,0.0,0.0,3.0,1.0,0.0,5.0,0.0,0.0,5.0,21.0,0
85.0,0.0,25.0,15.0,0.0,1.0,13.0,0.0,0.0,0.0,0.0,0.0,3.0,1.0,4.0,1.0,0.0,6.0,22.0,25
86.0,0.0,25.0,20.0,0.0,0.0,16.0,0.0,0.0,0.0,0.0,0.0,2.0,2.0,2.0,1.0,1.0,4.0,21.0,25
87.0,0.0,25.0,18.0,0.0,1.0,15.0,0.0,0.0,0.0,0.0,0.0,2.0,2.0,1.0,1.0,1.0,4.0,20.0,25
88.0,0.0,25.0,18.0,0.0,0.0,14.0,0.0,0.0,0.0,0.0,0.0,2.0,1.0,2.0,1.0,0.0,3.0,22.0,25
89.0,0.0,25.0,18.0,0.0,0.0,16.0,4.0,2.0,0.0,0.0,0.0,3.0,0.0,2.0,0.0,0.0,6.0,21.0,0
90.0,0.0,25.0,18.0,0.0,0.0,14.0,5.0,1.0,2.0,2.0,1.0,2.0,2.0,4.0,0.0,0.0,6.0,18.0,0
91.0,0.0,25.0,17.0,0.0,0.0,15.0,6.0,4.0,0.0,0.0,1.0,3.0,0.0,1.0,0.0,0.0,6.0,17.0,0
92.0,0.0,25.0,19.0,0.0,0.0,15.0,2.0,5.0,0.0,0.0,2.0,2.0,0.0,6.0,0.0,0.0,6.0,22.0,25
93.0,0.0,25.0,16.0,0.0,0.0,13.0,4.0,2.0,0.0,0.0,0.0,3.0,0.0,1.0,0.0,0.0,6.0,19.0,0
94.0,0.0,25.0,17.0,0.0,0.0,15.0,0.0,0.0,0.0,0.0,0.0,2.0,1.0,2.0,1.0,0.0,3.0,23.0,25
95.0,0.0,25.0,17.0,0.0,0.0,15.0,4.0,2.0,0.0,0.0,0.0,6.0,0.0,1.0,0.0,0.0,5.0,21.0,0
96.0,0.0,25.0,19.0,0.0,0.0,15.0,0.0,1.0,0.0,0.0,0.0,1.0,1.0,4.0,0.0,1.0,5.0,22.0,25
97.0,0.0,25.0,17.0,0.0,0.0,15.0,4.0,2.0,0.0,0.0,0.0,1.0,0.0,0.0,0.0,0.0,5.0,20.0,0
98.0,0.0,25.0,17.0,0.0,0.0,13.0,5.0,3.0,0.0,0.0,1.0,0.0,0.0,1.0,0.0,0.0,6.0,18.0,0
99.0,0.0,25.0,16.0,0.0,0.0,15.0,0.0,0.0,0.0,0.0,0.0,2.0,2.0,4.0,1.0,1.0,5.0,22.0,25
100.0,0.0,25.0,20.0,0.0,0.0,18.0,0.0,0.0,0.0,0.0,0.0,1.0,1.0,2.0,0.0,0.0,3.0,22.0,25
101.0,0.0,25.0,17.0,0.0,0.0,14.0,5.0,3.0,0.0,0.0,3.0,0.0,0.0,6.0,0.0,0.0,6.0,21.0,0
102.0,0.0,25.0,17.0,0.0,0.0,14.0,0.0,0.0,0.0,0.0,0.0,0.0,1.0,3.0,0.0,0.0,4.0,20.0,25
103.0,0.0,25.0,20.0,0.0,0.0,18.0,4.0,2.0,0.0,0.0,0.0,3.0,0.0,0.0,0.0,0.0,4.0,18.0,0
104.0,0.0,25.0,18.0,0.0,0.0,16.0,0.0,0.0,0.0,0.0,0.0,0.0,2.0,2.0,1.0,1.0,4.0,22.0,25
105.0,0.0,25.0,18.0,0.0,0.0,14.0,1.0,1.0,0.0,0.0,0.0,5.0,1.0,4.0,0.0,0.0,4.0,21.0,25
106.0,0.0,25.0,18.0,0.0,0.0,12.0,2.0,2.0,0.0,0.0,2.0,3.0,1.0,5.0,0.0,0.0,6.0,22.0,25
107.0,0.0,25.0,16.0,0.0,0.0,13.0,1.0,1.0,0.0,0.0,0.0,2.0,1.0,3.0,0.0,1.0,5.0,22.0,25
108.0,0.0,25.0,17.0,0.0,0.0,13.0,6.0,4.0,0.0,0.0,3.0,1.0,0.0,5.0,0.0,0.0,6.0,21.0,0
109.0,0.0,25.0,17.0,0.0,0.0,15.0,0.0,0.0,0.0,0.0,0.0,0.0,2.0,2.0,1.0,1.0,4.0,20.0,25
110.0,0.0,25.0,15.0,0.0,1.0,13.0,0.0,0.0,0.0,0.0,0.0,2.0,1.0,3.0,1.0,0.0,5.0,22.0,25
111.0,0.0,25.0,14.0,0.0,2.0,12.0,1.0,1.0,0.0,0.0,0.0,0.0,1.0,2.0,1.0,0.0,6.0,18.0,25
112.0,0.0,25.0,19.0,0.0,0.0,17.0,0.0,0.0,0.0,0.0,0.0,8.0,1.0,3.0,0.0,1.0,4.0,22.0,25
113.0,0.0,25.0,19.0,0.0,0.0,17.0,0.0,0.0,0.0,0.0,0.0,3.0,1.0,3.0,0.0,0.0,5.0,24.0,25
114.0,0.0,25.0,13.0,0.0,0.0,10.0,6.0,6.0,0.0,0.0,1.0,3.0,0.0,2.0,0.0,0.0,7.0,17.0,0
115.0,0.0,25.0,16.0,0.0,0.0,13.0,5.0,4.0,0.0,0.0,3.0,2.0,0.0,8.0,0.0,0.0,7.0,22.0,0
116.0,0.0,25.0,15.0,0.0,0.0,12.0,5.0,5.0,0.0,0.0,1.0,2.0,0.0,3.0,0.0,0.0,8.0,19.0,0
117.0,0.0,25.0,18.0,0.0,0.0,16.0,0.0,0.0,0.0,0.0,0.0,4.0,2.0,2.0,1.0,1.0,3.0,23.0,25
118.0,0.0,25.0,20.0,0.0,0.0,18.0,0.0,0.0,0.0,0.0,0.0,2.0,2.0,2.0,1.0,1.0,3.0,23.0,25
119.0,0.0,25.0,16.0,0.0,0.0,12.0,5.0,3.0,0.0,0.0,1.0,5.0,0.0,7.0,0.0,0.0,7.0,17.0,0
120.0,0.0,25.0,19.0,0.0,0.0,18.0,0.0,0.0,0.0,0.0,0.0,5.0,2.0,1.0,1.0,1.0,3.0,19.0,25
121.0,0.0,25.0,17.0,0.0,0.0,12.0,6.0,4.0,0.0,0.0,1.0,2.0,0.0,2.0,0.0,0.0,7.0,17.0,0
122.0,0.0,25.0,18.0,0.0,0.0,16.0,1.0,1.0,0.0,0.0,1.0,0.0,2.0,2.0,1.0,1.0,4.0,22.0,25
123.0,0.0,25.0,17.0,0.0,0.0,14.0,5.0,3.0,0.0,0.0,0.0,2.0,0.0,1.0,0.0,0.0,6.0,20.0,0
124.0,0.0,25.0,14.0,0.0,0.0,12.0,5.0,3.0,0.0,0.0,3.0,2.0,0.0,7.0,0.0,0.0,7.0,21.0,0
125.0,0.0,25.0,18.0,0.0,1.0,15.0,0.0,0.0,0.0,0.0,0.0,3.0,1.0,2.0,0.0,0.0,3.0,23.0,25
126.0,1.0,25.0,20.0,0.0,0.0,19.0,0.0,0.0,0.0,0.0,0.0,3.0,2.0,0.0,2.0,0.0,3.0,20.0,25
127.0,0.0,25.0,15.0,0.0,0.0,13.0,5.0,3.0,0.0,0.0,3.0,3.0,0.0,8.0,0.0,0.0,8.0,22.0,0
128.0,0.0,25.0,19.0,0.0,0.0,16.0,0.0,0.0,0.0,0.0,0.0,2.0,1.0,4.0,1.0,0.0,5.0,23.0,25
129.0,0.0,25.0,20.0,0.0,0.0,14.0,0.0,0.0,0.0,0.0,0.0,0.0,1.0,3.0,0.0,1.0,4.0,20.0,25
130.0,0.0,25.0,17.0,0.0,0.0,15.0,1.0,1.0,0.0,0.0,0.0,3.0,2.0,1.0,1.0,1.0,6.0,22.0,25
131.0,0.0,25.0,14.0,1.0,0.0,12.0,1.0,1.0,0.0,0.0,0.0,3.0,1.0,5.0,0.0,0.0,8.0,21.0,25
132.0,0.0,25.0,16.0,0.0,0.0,14.0,5.0,3.0,0.0,0.0,3.0,1.0,0.0,5.0,0.0,0.0,5.0,23.0,0
133.0,0.0,25.0,20.0,0.0,0.0,17.0,0.0,0.0,0.0,0.0,0.0,2.0,2.0,2.0,1.0,1.0,3.0,22.0,25
134.0,0.0,25.0,18.0,0.0,0.0,17.0,0.0,3.0,0.0,0.0,0.0,0.0,1.0,4.0,1.0,0.0,5.0,22.0,25
135.0,0.0,25.0,15.0,0.0,0.0,13.0,6.0,6.0,0.0,0.0,1.0,2.0,0.0,4.0,0.0,0.0,9.0,19.0,0
136.0,0.0,25.0,17.0,0.0,0.0,15.0,5.0,6.0,0.0,0.0,1.0,3.0,0.0,2.0,0.0,0.0,6.0,21.0,0
137.0,0.0,25.0,17.0,0.0,0.0,15.0,4.0,2.0,0.0,0.0,0.0,3.0,0.0,0.0,0.0,0.0,4.0,19.0,0
138.0,0.0,25.0,13.0,0.0,0.0,13.0,6.0,6.0,0.0,0.0,0.0,2.0,0.0,0.0,0.0,0.0,7.0,18.0,0
139.0,0.0,25.0,18.0,0.0,0.0,15.0,6.0,2.0,2.0,2.0,1.0,5.0,0.0,3.0,0.0,0.0,6.0,18.0,0
140.0,0.0,25.0,15.0,0.0,0.0,12.0,5.0,6.0,0.0,0.0,1.0,1.0,0.0,3.0,0.0,0.0,9.0,19.0,0
141.0,0.0,25.0,15.0,0.0,0.0,13.0,5.0,3.0,0.0,0.0,1.0,0.0,0.0,1.0,0.0,0.0,7.0,20.0,0
142.0,0.0,25.0,17.0,0.0,0.0,14.0,1.0,2.0,0.0,0.0,0.0,1.0,1.0,4.0,0.0,0.0,5.0,21.0,25
143.0,0.0,25.0,18.0,0.0,0.0,13.0,5.0,3.0,1.0,0.0,1.0,4.0,0.0,0.0,0.0,0.0,5.0,17.0,0
144.0,0.0,25.0,17.0,0.0,0.0,14.0,0.0,1.0,0.0,0.0,0.0,3.0,1.0,4.0,0.0,0.0,6.0,22.0,25
145.0,0.0,25.0,16.0,0.0,1.0,13.0,1.0,1.0,0.0,0.0,0.0,1.0,1.0,3.0,0.0,1.0,7.0,21.0,25
146.0,0.0,25.0,19.0,0.0,0.0,17.0,0.0,0.0,0.0,0.0,0.0,3.0,2.0,3.0,1.0,1.0,4.0,23.0,25
147.0,0.0,25.0,17.0,0.0,1.0,15.0,4.0,2.0,0.0,0.0,0.0,1.0,0.0,0.0,0.0,0.0,4.0,20.0,0
148.0,0.0,25.0,18.0,0.0,0.0,14.0,0.0,1.0,0.0,0.0,0.0,1.0,1.0,4.0,0.0,0.0,6.0,21.0,25
149.0,0.0,25.0,17.0,0.0,0.0,15.0,5.0,3.0,0.0,0.0,1.0,4.0,0.0,1.0,0.0,0.0,5.0,21.0,0
150.0,0.0,25.0,17.0,0.0,0.0,14.0,1.0,1.0,0.0,0.0,0.0,3.0,1.0,4.0,0.0,1.0,6.0,21.0,25
151.0,0.0,25.0,19.0,0.0,0.0,12.0,5.0,5.0,0.0,0.0,1.0,0.0,0.0,1.0,0.0,0.0,5.0,16.0,0
152.0,0.0,25.0,18.0,0.0,0.0,15.0,0.0,0.0,0.0,0.0,0.0,1.0,1.0,3.0,0.0,1.0,4.0,23.0,25
153.0,0.0,25.0,18.0,0.0,0.0,15.0,5.0,1.0,2.0,2.0,1.0,4.0,2.0,3.0,0.0,0.0,5.0,20.0,0
154.0,0.0,25.0,17.0,0.0,0.0,15.0,0.0,0.0,0.0,0.0,0.0,0.0,1.0,3.0,0.0,1.0,7.0,21.0,25
155.0,0.0,25.0,15.0,0.0,1.0,12.0,5.0,3.0,0.0,0.0,1.0,1.0,0.0,2.0,0.0,0.0,7.0,18.0,0
156.0,0.0,25.0,16.0,0.0,1.0,13.0,6.0,4.0,0.0,0.0,3.0,2.0,0.0,5.0,0.0,0.0,6.0,21.0,0
157.0,0.0,25.0,17.0,0.0,0.0,15.0,0.0,0.0,0.0,0.0,0.0,3.0,2.0,2.0,1.0,1.0,5.0,21.0,25
158.0,0.0,25.0,13.0,0.0,0.0,11.0,5.0,4.0,0.0,0.0,1.0,2.0,0.0,5.0,0.0,0.0,11.0,18.0,0
159.0,0.0,25.0,17.0,0.0,0.0,14.0,0.0,0.0,0.0,0.0,0.0,2.0,1.0,4.0,0.0,1.0,5.0,23.0,25
160.0,0.0,25.0,18.0,0.0,0.0,15.0,0.0,0.0,0.0,0.0,0.0,1.0,1.0,4.0,0.0,0.0,5.0,22.0,25
161.0,0.0,25.0,19.0,0.0,0.0,18.0,0.0,1.0,0.0,0.0,0.0,3.0,2.0,2.0,1.0,1.0,4.0,23.0,25
162.0,0.0,25.0,17.0,0.0,0.0,14.0,1.0,1.0,0.0,0.0,0.0,3.0,1.0,4.0,0.0,0.0,6.0,23.0,25
163.0,0.0,25.0,18.0,0.0,0.0,15.0,0.0,0.0,0.0,0.0,0.0,0.0,1.0,3.0,0.0,0.0,4.0,22.0,25
164.0,0.0,25.0,17.0,0.0,0.0,15.0,2.0,6.0,0.0,0.0,2.0,2.0,0.0,7.0,0.0,0.0,8.0,24.0,25
165.0,0.0,25.0,17.0,0.0,0.0,14.0,0.0,2.0,0.0,0.0,0.0,3.0,2.0,5.0,1.0,1.0,6.0,22.0,25
166.0,0.0,25.0,15.0,0.0,0.0,12.0,7.0,5.0,0.0,0.0,1.0,2.0,0.0,3.0,0.0,0.0,10.0,18.0,0
167.0,0.0,25.0,16.0,0.0,1.0,13.0,0.0,1.0,0.0,0.0,0.0,3.0,1.0,4.0,1.0,0.0,6.0,22.0,25
168.0,0.0,25.0,15.0,0.0,0.0,11.0,7.0,6.0,0.0,0.0,4.0,1.0,0.0,8.0,0.0,0.0,9.0,21.0,0
169.0,0.0,25.0,17.0,0.0,0.0,14.0,5.0,3.0,0.0,0.0,1.0,5.0,0.0,5.0,0.0,0.0,7.0,19.0,0
170.0,0.0,25.0,14.0,0.0,0.0,11.0,7.0,7.0,0.0,0.0,1.0,2.0,0.0,1.0,0.0,0.0,7.0,16.0,0
171.0,0.0,25.0,15.0,0.0,0.0,13.0,6.0,4.0,0.0,0.0,1.0,3.0,0.0,2.0,0.0,0.0,7.0,18.0,0
172.0,0.0,25.0,19.0,0.0,0.0,15.0,5.0,2.0,2.0,2.0,1.0,2.0,0.0,4.0,0.0,0.0,6.0,19.0,0
173.0,0.0,25.0,18.0,0.0,0.0,15.0,0.0,1.0,0.0,0.0,0.0,3.0,2.0,4.0,1.0,1.0,5.0,22.0,25
174.0,0.0,25.0,15.0,0.0,0.0,12.0,7.0,5.0,0.0,0.0,3.0,1.0,0.0,6.0,0.0,0.0,8.0,21.0,0
175.0,0.0,25.0,16.0,0.0,0.0,14.0,5.0,6.0,0.0,0.0,1.0,1.0,0.0,3.0,0.0,0.0,7.0,20.0,0
176.0,0.0,25.0,17.0,0.0,0.0,13.0,5.0,3.0,0.0,0.0,3.0,0.0,0.0,5.0,0.0,0.0,5.0,20.0,0
177.0,0.0,25.0,13.0,0.0,0.0,11.0,7.0,5.0,0.0,0.0,1.0,2.0,0.0,2.0,0.0,0.0,8.0,16.0,0
178.0,0.0,25.0,17.0,0.0,0.0,15.0,0.0,0.0,0.0,0.0,0.0,5.0,2.0,2.0,1.0,1.0,3.0,23.0,25
179.0,0.0,25.0,18.0,0.0,0.0,15.0,2.0,5.0,0.0,0.0,2.0,0.0,0.0,5.0,0.0,0.0,5.0,24.0,25
180.0,0.0,25.0,19.0,0.0,0.0,17.0,2.0,1.0,2.0,4.0,1.0,5.0,0.0,3.0,2.0,0.0,3.0,19.0,0
181.0,0.0,25.0,17.0,0.0,0.0,15.0,2.0,2.0,0.0,0.0,1.0,3.0,2.0,3.0,1.0,1.0,5.0,23.0,0
182.0,0.0,25.0,15.0,0.0,0.0,11.0,5.0,5.0,0.0,0.0,1.0,1.0,0.0,3.0,0.0,0.0,7.0,16.0,0
183.0,0.0,25.0,18.0,0.0,0.0,16.0,0.0,0.0,0.0,0.0,0.0,0.0,1.0,2.0,1.0,0.0,3.0,24.0,25
184.0,0.0,25.0,18.0,0.0,0.0,15.0,0.0,0.0,0.0,0.0,0.0,0.0,1.0,3.0,0.0,1.0,5.0,22.0,25
185.0,0.0,25.0,14.0,0.0,0.0,12.0,6.0,6.0,0.0,0.0,1.0,2.0,0.0,3.0,0.0,0.0,8.0,20.0,0
186.0,0.0,25.0,19.0,0.0,0.0,17.0,5.0,3.0,0.0,0.0,1.0,6.0,0.0,1.0,0.0,0.0,5.0,18.0,0
187.0,1.0,25.0,19.0,0.0,0.0,17.0,2.0,1.0,4.0,2.0,1.0,3.0,2.0,3.0,2.0,2.0,3.0,18.0,0
188.0,0.0,25.0,18.0,0.0,0.0,15.0,0.0,0.0,0.0,0.0,0.0,3.0,1.0,3.0,0.0,0.0,4.0,23.0,25
189.0,0.0,25.0,19.0,0.0,0.0,15.0,0.0,0.0,0.0,0.0,0.0,0.0,1.0,2.0,1.0,0.0,4.0,21.0,25
190.0,0.0,25.0,20.0,0.0,0.0,19.0,0.0,0.0,0.0,0.0,0.0,3.0,2.0,1.0,1.0,1.0,3.0,21.0,25
191.0,0.0,25.0,13.0,0.0,0.0,11.0,3.0,3.0,0.0,0.0,0.0,1.0,1.0,4.0,0.0,0.0,8.0,17.0,0
192.0,0.0,25.0,19.0,0.0,0.0,17.0,0.0,0.0,0.0,0.0,0.0,5.0,2.0,1.0,1.0,1.0,4.0,21.0,25
193.0,0.0,25.0,16.0,0.0,0.0,13.0,5.0,3.0,0.0,0.0,1.0,2.0,0.0,2.0,0.0,0.0,6.0,19.0,0
194.0,0.0,25.0,18.0,0.0,0.0,15.0,4.0,2.0,0.0,0.0,0.0,3.0,0.0,0.0,0.0,0.0,5.0,19.0,0
195.0,0.0,25.0,19.0,0.0,0.0,13.0,5.0,3.0,0.0,0.0,3.0,0.0,0.0,5.0,0.0,0.0,5.0,19.0,0
196.0,0.0,25.0,17.0,1.0,0.0,14.0,6.0,6.0,0.0,0.0,1.0,2.0,0.0,1.0,0.0,0.0,6.0,17.0,0
197.0,0.0,25.0,17.0,0.0,0.0,14.0,5.0,1.0,2.0,2.0,1.0,2.0,2.0,5.0,0.0,0.0,7.0,18.0,0
198.0,0.0,25.0,16.0,0.0,0.0,13.0,1.0,1.0,0.0,0.0,0.0,1.0,1.0,5.0,0.0,1.0,7.0,19.0,25
199.0,0.0,25.0,16.0,0.0,0.0,11.0,6.0,4.0,0.0,0.0,4.0,0.0,0.0,6.0,0.0,0.0,6.0,19.0,0
200.0,0.0,25.0,18.0,0.0,0.0,16.0,5.0,1.0,2.0,2.0,1.0,4.0,0.0,4.0,0.0,0.0,6.0,19.0,0
201.0,0.0,25.0,16.0,0.0,0.0,14.0,0.0,0.0,0.0,0.0,0.0,1.0,1.0,3.0,0.0,0.0,4.0,23.0,25
202.0,1.0,25.0,22.0,0.0,0.0,20.0,0.0,0.0,0.0,0.0,0.0,4.0,1.0,3.0,0.0,1.0,4.0,20.0,25
203.0,0.0,25.0,17.0,0.0,0.0,16.0,0.0,1.0,0.0,0.0,0.0,3.0,2.0,4.0,1.0,1.0,5.0,24.0,25
204.0,0.0,25.0,17.0,0.0,0.0,13.0,1.0,1.0,0.0,0.0,0.0,2.0,2.0,2.0,1.0,1.0,4.0,18.0,25
205.0,0.0,25.0,20.0,0.0,0.0,14.0,0.0,0.0,0.0,0.0,0.0,1.0,1.0,3.0,0.0,0.0,3.0,20.0,25
206.0,0.0,25.0,15.0,0.0,0.0,13.0,6.0,4.0,0.0,0.0,1.0,3.0,0.0,1.0,0.0,0.0,7.0,17.0,0
207.0,1.0,25.0,22.0,0.0,0.0,19.0,0.0,0.0,0.0,0.0,0.0,2.0,1.0,2.0,0.0,0.0,3.0,21.0,25
208.0,0.0,25.0,17.0,0.0,0.0,14.0,5.0,5.0,0.0,0.0,1.0,1.0,0.0,2.0,0.0,0.0,6.0,19.0,0
209.0,0.0,25.0,19.0,0.0,0.0,18.0,0.0,0.0,0.0,0.0,0.0,0.0,2.0,1.0,1.0,1.0,4.0,22.0,25
210.0,0.0,25.0,19.0,0.0,0.0,17.0,5.0,1.0,2.0,2.0,1.0,3.0,0.0,3.0,0.0,0.0,5.0,19.0,0
211.0,0.0,25.0,18.0,0.0,0.0,14.0,5.0,3.0,0.0,0.0,3.0,1.0,0.0,5.0,0.0,0.0,5.0,21.0,0
212.0,0.0,25.0,15.0,0.0,0.0,14.0,0.0,0.0,0.0,0.0,0.0,2.0,1.0,5.0,1.0,0.0,6.0,22.0,25
213.0,0.0,25.0,20.0,0.0,0.0,17.0,1.0,1.0,0.0,0.0,1.0,3.0,1.0,3.0,0.0,0.0,4.0,20.0,25
214.0,0.0,25.0,18.0,0.0,0.0,13.0,1.0,1.0,0.0,0.0,1.0,2.0,1.0,4.0,0.0,1.0,5.0,22.0,25
215.0,0.0,25.0,16.0,0.0,0.0,13.0,6.0,6.0,0.0,0.0,2.0,1.0,0.0,2.0,0.0,0.0,6.0,21.0,0
216.0,0.0,25.0,21.0,0.0,0.0,20.0,0.0,0.0,0.0,0.0,0.0,7.0,2.0,1.0,1.0,1.0,3.0,18.0,25
217.0,0.0,25.0,18.0,0.0,0.0,15.0,5.0,4.0,0.0,0.0,3.0,0.0,0.0,6.0,0.0,0.0,6.0,21.0,0
218.0,0.0,25.0,17.0,0.0,0.0,14.0,1.0,2.0,0.0,0.0,1.0,6.0,1.0,6.0,0.0,1.0,7.0,24.0,25
219.0,0.0,25.0,19.0,0.0,0.0,14.0,0.0,0.0,0.0,0.0,0.0,5.0,1.0,2.0,0.0,0.0,3.0,21.0,25
220.0,0.0,25.0,15.0,0.0,0.0,11.0,7.0,5.0,0.0,0.0,1.0,3.0,0.0,1.0,0.0,0.0,8.0,19.0,0
221.0,0.0,25.0,18.0,0.0,0.0,16.0,0.0,2.0,0.0,0.0,0.0,6.0,1.0,4.0,0.0,0.0,5.0,24.0,25
222.0,0.0,25.0,21.0,0.0,0.0,16.0,0.0,0.0,0.0,0.0,0.0,3.0,1.0,3.0,0.0,1.0,4.0,21.0,25
223.0,0.0,25.0,16.0,0.0,0.0,13.0,5.0,3.0,0.0,0.0,1.0,3.0,0.0,3.0,0.0,0.0,7.0,19.0,0
224.0,0.0,25.0,18.0,0.0,0.0,17.0,0.0,0.0,0.0,0.0,0.0,5.0,2.0,1.0,1.0,1.0,3.0,21.0,25
225.0,0.0,25.0,17.0,0.0,0.0,15.0,5.0,5.0,0.0,0.0,1.0,0.0,0.0,1.0,0.0,0.0,6.0,20.0,0
226.0,0.0,25.0,14.0,0.0,1.0,12.0,0.0,0.0,0.0,0.0,0.0,5.0,1.0,4.0,0.0,0.0,6.0,23.0,25
227.0,0.0,25.0,14.0,0.0,0.0,12.0,5.0,3.0,0.0,0.0,1.0,0.0,0.0,1.0,0.0,0.0,9.0,17.0,0
228.0,0.0,25.0,16.0,0.0,0.0,12.0,2.0,2.0,0.0,0.0,1.0,0.0,1.0,3.0,0.0,0.0,7.0,21.0,25
229.0,0.0,25.0,17.0,0.0,0.0,16.0,0.0,0.0,0.0,0.0,0.0,2.0,1.0,3.0,1.0,0.0,4.0,23.0,25
230.0,0.0,25.0,18.0,0.0,0.0,14.0,5.0,4.0,0.0,0.0,3.0,2.0,0.0,6.0,0.0,0.0,6.0,21.0,0
231.0,0.0,25.0,17.0,0.0,0.0,16.0,0.0,0.0,0.0,0.0,0.0,5.0,2.0,1.0,1.0,1.0,3.0,20.0,25
232.0,0.0,25.0,19.0,0.0,0.0,13.0,5.0,3.0,0.0,0.0,3.0,0.0,0.0,5.0,0.0,0.0,5.0,19.0,0
233.0,0.0,25.0,20.0,0.0,0.0,15.0,0.0,0.0,0.0,0.0,0.0,0.0,1.0,2.0,1.0,0.0,3.0,20.0,25
234.0,0.0,25.0,18.0,0.0,0.0,14.0,5.0,3.0,0.0,0.0,1.0,2.0,0.0,1.0,0.0,0.0,5.0,20.0,0
235.0,0.0,25.0,15.0,0.0,0.0,13.0,5.0,4.0,0.0,0.0,3.0,2.0,0.0,8.0,0.0,0.0,8.0,21.0,0
236.0,0.0,25.0,16.0,0.0,0.0,13.0,5.0,5.0,0.0,0.0,1.0,1.0,0.0,3.0,0.0,0.0,7.0,18.0,0
237.0,0.0,25.0,18.0,0.0,0.0,16.0,1.0,1.0,0.0,0.0,0.0,1.0,2.0,2.0,1.0,1.0,4.0,22.0,25
238.0,0.0,25.0,15.0,0.0,0.0,11.0,7.0,5.0,0.0,0.0,1.0,0.0,0.0,2.0,0.0,0.0,9.0,16.0,0
239.0,0.0,25.0,16.0,0.0,0.0,12.0,5.0,3.0,0.0,0.0,0.0,4.0,0.0,1.0,0.0,0.0,6.0,18.0,0
240.0,0.0,25.0,15.0,0.0,0.0,11.0,5.0,3.0,0.0,0.0,1.0,2.0,0.0,1.0,0.0,0.0,7.0,16.0,0
241.0,0.0,25.0,17.0,0.0,0.0,15.0,5.0,1.0,2.0,2.0,1.0,1.0,0.0,3.0,0.0,0.0,5.0,20.0,0
242.0,0.0,25.0,21.0,0.0,0.0,19.0,0.0,0.0,0.0,0.0,0.0,4.0,1.0,2.0,0.0,0.0,3.0,19.0,25
243.0,0.0,25.0,18.0,0.0,0.0,16.0,0.0,0.0,0.0,0.0,0.0,5.0,2.0,1.0,1.0,1.0,4.0,21.0,25
244.0,0.0,25.0,16.0,0.0,1.0,11.0,5.0,5.0,0.0,0.0,1.0,2.0,0.0,2.0,0.0,0.0,7.0,17.0,0
245.0,0.0,25.0,18.0,0.0,0.0,14.0,5.0,3.0,0.0,0.0,3.0,0.0,0.0,5.0,0.0,0.0,5.0,21.0,0
246.0,0.0,25.0,13.0,0.0,2.0,10.0,7.0,5.0,0.0,0.0,1.0,1.0,0.0,2.0,0.0,0.0,8.0,16.0,0
247.0,0.0,25.0,20.0,0.0,0.0,13.0,5.0,3.0,0.0,0.0,1.0,3.0,0.0,5.0,0.0,0.0,5.0,16.0,0
248.0,0.0,25.0,13.0,0.0,0.0,12.0,7.0,8.0,0.0,0.0,2.0,1.0,0.0,4.0,0.0,0.0,8.0,20.0,0
249.0,0.0,25.0,15.0,0.0,0.0,13.0,5.0,5.0,0.0,0.0,1.0,2.0,0.0,3.0,0.0,0.0,8.0,20.0,0
250.0,0.0,25.0,15.0,0.0,0.0,13.0,5.0,3.0,0.0,0.0,3.0,0.0,0.0,5.0,0.0,0.0,9.0,19.0,0
251.0,0.0,25.0,17.0,0.0,1.0,15.0,0.0,0.0,0.0,0.0,0.0,2.0,1.0,3.0,1.0,0.0,4.0,23.0,25
252.0,0.0,25.0,17.0,0.0,0.0,15.0,0.0,0.0,0.0,0.0,0.0,2.0,1.0,4.0,0.0,0.0,4.0,24.0,25
253.0,0.0,25.0,18.0,0.0,0.0,13.0,0.0,1.0,0.0,0.0,0.0,0.0,1.0,5.0,0.0,1.0,6.0,20.0,25
254.0,0.0,25.0,17.0,0.0,0.0,15.0,5.0,4.0,0.0,0.0,3.0,3.0,0.0,6.0,0.0,0.0,6.0,23.0,0
255.0,0.0,25.0,18.0,0.0,0.0,13.0,5.0,3.0,0.0,0.0,1.0,4.0,0.0,2.0,0.0,0.0,6.0,19.0,0
256.0,0.0,25.0,19.0,0.0,0.0,15.0,0.0,1.0,0.0,0.0,0.0,1.0,1.0,4.0,0.0,0.0,5.0,22.0,25
257.0,0.0,25.0,17.0,0.0,0.0,15.0,0.0,1.0,0.0,0.0,0.0,3.0,1.0,5.0,0.0,0.0,6.0,24.0,25
258.0,0.0,25.0,19.0,0.0,0.0,18.0,0.0,0.0,0.0,0.0,0.0,4.0,2.0,1.0,1.0,1.0,3.0,21.0,25
259.0,0.0,25.0,17.0,0.0,0.0,15.0,5.0,3.0,0.0,0.0,3.0,2.0,0.0,5.0,0.0,0.0,6.0,22.0,0
260.0,0.0,25.0,16.0,0.0,0.0,15.0,2.0,2.0,0.0,0.0,0.0,4.0,2.0,1.0,1.0,1.0,5.0,17.0,25
261.0,0.0,25.0,18.0,0.0,0.0,16.0,5.0,1.0,2.0,2.0,1.0,3.0,0.0,3.0,0.0,0.0,5.0,20.0,0
262.0,0.0,25.0,20.0,0.0,0.0,14.0,5.0,1.0,2.0,2.0,1.0,2.0,2.0,5.0,2.0,2.0,5.0,17.0,0
263.0,0.0,25.0,17.0,0.0,0.0,14.0,6.0,4.0,0.0,0.0,1.0,2.0,0.0,1.0,0.0,0.0,6.0,20.0,0
264.0,0.0,25.0,15.0,0.0,2.0,13.0,5.0,5.0,0.0,0.0,1.0,1.0,0.0,3.0,0.0,0.0,6.0,19.0,0
265.0,0.0,25.0,15.0,0.0,0.0,13.0,0.0,1.0,0.0,0.0,0.0,3.0,1.0,6.0,1.0,0.0,8.0,22.0,25
266.0,0.0,25.0,21.0,0.0,0.0,19.0,0.0,0.0,0.0,0.0,0.0,5.0,1.0,3.0,0.0,1.0,4.0,21.0,25
267.0,0.0,25.0,19.0,0.0,0.0,14.0,5.0,3.0,0.0,0.0,1.0,0.0,0.0,1.0,0.0,0.0,5.0,18.0,0
268.0,0.0,25.0,19.0,0.0,0.0,16.0,0.0,0.0,0.0,0.0,0.0,4.0,1.0,3.0,1.0,0.0,4.0,22.0,25
269.0,0.0,25.0,17.0,0.0,0.0,13.0,6.0,4.0,0.0,0.0,1.0,2.0,0.0,5.0,0.0,0.0,6.0,16.0,0
270.0,0.0,25.0,18.0,0.0,0.0,16.0,4.0,2.0,0.0,0.0,0.0,6.0,0.0,0.0,0.0,0.0,4.0,18.0,0
271.0,1.0,25.0,19.0,0.0,0.0,17.0,2.0,1.0,4.0,2.0,1.0,3.0,2.0,3.0,2.0,2.0,3.0,20.0,0
272.0,0.0,25.0,16.0,0.0,0.0,14.0,1.0,1.0,0.0,0.0,0.0,3.0,1.0,3.0,0.0,0.0,5.0,20.0,25
273.0,0.0,25.0,18.0,0.0,0.0,16.0,4.0,3.0,0.0,0.0,0.0,4.0,0.0,1.0,0.0,0.0,5.0,21.0,0
274.0,0.0,25.0,16.0,0.0,0.0,14.0,1.0,1.0,0.0,0.0,0.0,3.0,1.0,3.0,1.0,0.0,5.0,22.0,25
275.0,0.0,25.0,16.0,0.0,0.0,12.0,6.0,4.0,0.0,0.0,1.0,2.0,0.0,1.0,0.0,0.0,6.0,19.0,0
276.0,0.0,25.0,15.0,1.0,0.0,12.0,6.0,6.0,0.0,0.0,1.0,4.0,0.0,2.0,0.0,0.0,7.0,19.0,0
277.0,0.0,25.0,16.0,0.0,0.0,13.0,2.0,2.0,0.0,0.0,2.0,3.0,2.0,5.0,1.0,1.0,6.0,22.0,25
278.0,0.0,25.0,15.0,0.0,0.0,12.0,5.0,3.0,0.0,0.0,1.0,3.0,0.0,2.0,0.0,0.0,7.0,20.0,0
279.0,0.0,25.0,18.0,0.0,0.0,16.0,0.0,0.0,0.0,0.0,0.0,2.0,2.0,3.0,1.0,1.0,4.0,23.0,25
280.0,0.0,25.0,17.0,0.0,0.0,12.0,1.0,1.0,0.0,0.0,1.0,5.0,1.0,5.0,0.0,0.0,6.0,21.0,25
281.0,0.0,25.0,17.0,0.0,1.0,14.0,0.0,0.0,0.0,0.0,0.0,0.0,1.0,2.0,1.0,0.0,4.0,22.0,25
282.0,0.0,25.0,18.0,0.0,0.0,15.0,5.0,3.0,0.0,0.0,3.0,3.0,0.0,5.0,0.0,0.0,5.0,22.0,0
283.0,0.0,25.0,16.0,0.0,0.0,12.0,7.0,5.0,0.0,0.0,2.0,0.0,0.0,2.0,0.0,0.0,7.0,17.0,0
284.0,0.0,25.0,18.0,0.0,1.0,16.0,5.0,1.0,2.0,2.0,1.0,5.0,0.0,3.0,0.0,0.0,5.0,18.0,0
285.0,0.0,25.0,16.0,0.0,0.0,14.0,1.0,2.0,0.0,0.0,1.0,0.0,1.0,4.0,1.0,0.0,5.0,21.0,25
286.0,0.0,25.0,15.0,0.0,0.0,13.0,6.0,6.0,0.0,0.0,1.0,1.0,0.0,3.0,0.0,0.0,8.0,17.0,0
287.0,0.0,25.0,17.0,0.0,0.0,13.0,5.0,3.0,0.0,0.0,1.0,5.0,0.0,2.0,0.0,0.0,6.0,18.0,0
288.0,0.0,25.0,17.0,0.0,0.0,11.0,4.0,5.0,0.0,0.0,0.0,2.0,1.0,3.0,0.0,1.0,8.0,16.0,0
289.0,0.0,25.0,19.0,0.0,0.0,17.0,0.0,0.0,0.0,0.0,0.0,2.0,2.0,2.0,1.0,1.0,3.0,23.0,25
290.0,0.0,25.0,20.0,0.0,0.0,18.0,0.0,0.0,0.0,0.0,0.0,4.0,1.0,3.0,0.0,1.0,4.0,22.0,25
291.0,0.0,25.0,16.0,0.0,0.0,14.0,0.0,0.0,0.0,0.0,0.0,1.0,1.0,3.0,0.0,1.0,4.0,22.0,25
292.0,0.0,25.0,17.0,0.0,0.0,14.0,0.0,0.0,0.0,0.0,0.0,8.0,1.0,5.0,0.0,1.0,6.0,22.0,25
293.0,0.0,25.0,19.0,0.0,0.0,16.0,5.0,5.0,0.0,0.0,1.0,0.0,0.0,1.0,0.0,0.0,5.0,20.0,0
294.0,0.0,25.0,18.0,0.0,0.0,15.0,5.0,4.0,0.0,0.0,3.0,1.0,0.0,6.0,0.0,0.0,6.0,22.0,0
295.0,0.0,25.0,19.0,0.0,0.0,16.0,5.0,5.0,0.0,0.0,1.0,1.0,0.0,1.0,0.0,0.0,5.0,20.0,0
296.0,0.0,25.0,18.0,0.0,0.0,14.0,0.0,0.0,0.0,0.0,0.0,1.0,1.0,3.0,0.0,1.0,6.0,20.0,25
297.0,0.0,25.0,16.0,0.0,0.0,14.0,5.0,5.0,0.0,0.0,1.0,0.0,0.0,3.0,0.0,0.0,7.0,19.0,0
298.0,0.0,25.0,18.0,0.0,0.0,13.0,6.0,4.0,1.0,0.0,3.0,3.0,0.0,4.0,0.0,0.0,7.0,20.0,0
299.0,0.0,25.0,18.0,0.0,0.0,14.0,5.0,1.0,0.0,0.0,1.0,2.0,0.0,5.0,0.0,0.0,6.0,18.0,0
300.0,0.0,25.0,16.0,0.0,0.0,14.0,0.0,0.0,0.0,0.0,0.0,1.0,1.0,4.0,1.0,0.0,4.0,24.0,25
301.0,0.0,25.0,15.0,0.0,0.0,13.0,5.0,3.0,0.0,0.0,3.0,3.0,0.0,6.0,0.0,0.0,8.0,20.0,0
302.0,0.0,25.0,18.0,0.0,0.0,13.0,5.0,3.0,0.0,0.0,1.0,0.0,0.0,1.0,0.0,0.0,6.0,18.0,0
303.0,0.0,25.0,17.0,0.0,0.0,15.0,6.0,2.0,2.0,2.0,1.0,4.0,0.0,3.0,0.0,0.0,4.0,17.0,0
304.0,0.0,25.0,20.0,0.0,0.0,18.0,0.0,0.0,0.0,0.0,0.0,6.0,1.0,3.0,0.0,1.0,4.0,22.0,25
305.0,0.0,25.0,19.0,0.0,0.0,15.0,2.0,5.0,0.0,0.0,2.0,0.0,0.0,5.0,0.0,0.0,6.0,22.0,25
306.0,0.0,25.0,18.0,0.0,1.0,14.0,5.0,1.0,2.0,2.0,1.0,2.0,2.0,3.0,0.0,0.0,5.0,19.0,0
307.0,0.0,25.0,17.0,0.0,0.0,12.0,1.0,2.0,0.0,0.0,1.0,1.0,1.0,5.0,0.0,0.0,6.0,22.0,25
308.0,0.0,25.0,19.0,0.0,0.0,18.0,0.0,0.0,0.0,0.0,0.0,2.0,2.0,1.0,1.0,1.0,4.0,22.0,25
309.0,0.0,25.0,16.0,0.0,0.0,11.0,3.0,6.0,0.0,0.0,2.0,3.0,0.0,8.0,0.0,0.0,8.0,20.0,25
310.0,0.0,25.0,18.0,0.0,0.0,13.0,1.0,2.0,0.0,0.0,0.0,1.0,1.0,2.0,1.0,0.0,4.0,21.0,25
311.0,0.0,25.0,16.0,0.0,0.0,14.0,0.0,0.0,0.0,0.0,0.0,4.0,1.0,5.0,0.0,0.0,6.0,23.0,25
312.0,0.0,25.0,17.0,0.0,0.0,14.0,1.0,1.0,0.0,0.0,1.0,0.0,2.0,4.0,1.0,1.0,6.0,22.0,25
313.0,0.0,25.0,20.0,0.0,0.0,19.0,0.0,0.0,0.0,0.0,0.0,6.0,2.0,1.0,1.0,1.0,3.0,19.0,25
314.0,0.0,25.0,15.0,0.0,0.0,12.0,5.0,6.0,0.0,0.0,1.0,3.0,0.0,2.0,0.0,0.0,8.0,18.0,0
315.0,0.0,25.0,18.0,0.0,0.0,15.0,5.0,3.0,0.0,0.0,3.0,0.0,0.0,5.0,0.0,0.0,5.0,22.0,0
316.0,0.0,25.0,18.0,0.0,0.0,16.0,5.0,1.0,2.0,2.0,1.0,6.0,0.0,3.0,0.0,0.0,5.0,19.0,0
317.0,0.0,25.0,14.0,0.0,0.0,12.0,6.0,5.0,0.0,0.0,1.0,2.0,0.0,4.0,0.0,0.0,9.0,20.0,0
318.0,0.0,25.0,16.0,0.0,0.0,13.0,2.0,6.0,0.0,0.0,2.0,2.0,0.0,7.0,0.0,0.0,9.0,21.0,25
319.0,0.0,25.0,17.0,0.0,0.0,15.0,5.0,1.0,2.0,2.0,1.0,5.0,0.0,4.0,0.0,0.0,6.0,19.0,0
320.0,0.0,25.0,15.0,0.0,3.0,13.0,5.0,4.0,0.0,0.0,3.0,1.0,0.0,6.0,0.0,0.0,6.0,20.0,0
321.0,0.0,25.0,15.0,0.0,3.0,12.0,6.0,5.0,0.0,0.0,4.0,1.0,0.0,7.0,0.0,0.0,7.0,19.0,0
322.0,0.0,25.0,17.0,0.0,0.0,15.0,5.0,3.0,0.0,0.0,3.0,0.0,0.0,5.0,0.0,0.0,5.0,23.0,0
323.0,0.0,25.0,15.0,0.0,0.0,14.0,0.0,0.0,0.0,0.0,0.0,2.0,1.0,5.0,1.0,0.0,6.0,21.0,25
324.0,0.0,25.0,19.0,0.0,1.0,15.0,0.0,0.0,0.0,0.0,0.0,4.0,1.0,2.0,1.0,0.0,3.0,21.0,25
325.0,0.0,25.0,16.0,0.0,0.0,15.0,0.0,1.0,0.0,0.0,0.0,3.0,2.0,5.0,1.0,1.0,6.0,23.0,25
326.0,0.0,25.0,20.0,0.0,0.0,15.0,4.0,2.0,0.0,0.0,0.0,1.0,0.0,0.0,0.0,0.0,5.0,18.0,0
327.0,0.0,25.0,18.0,0.0,0.0,14.0,4.0,2.0,0.0,0.0,0.0,1.0,0.0,0.0,0.0,0.0,5.0,18.0,0
328.0,0.0,25.0,14.0,0.0,0.0,12.0,1.0,2.0,0.0,0.0,1.0,3.0,1.0,5.0,1.0,0.0,8.0,20.0,25
329.0,0.0,25.0,18.0,0.0,0.0,14.0,5.0,3.0,0.0,0.0,1.0,3.0,0.0,1.0,0.0,0.0,5.0,19.0,0
330.0,0.0,25.0,15.0,0.0,0.0,12.0,1.0,2.0,0.0,0.0,1.0,0.0,1.0,6.0,0.0,1.0,9.0,21.0,25
331.0,0.0,25.0,19.0,0.0,0.0,16.0,5.0,3.0,0.0,0.0,3.0,2.0,0.0,5.0,0.0,0.0,5.0,22.0,0
332.0,0.0,25.0,19.0,0.0,1.0,18.0,0.0,0.0,0.0,0.0,0.0,4.0,2.0,1.0,1.0,1.0,3.0,21.0,25
333.0,0.0,25.0,14.0,0.0,1.0,12.0,0.0,0.0,0.0,0.0,0.0,2.0,1.0,3.0,1.0,0.0,8.0,20.0,25
334.0,0.0,25.0,15.0,0.0,0.0,13.0,5.0,3.0,0.0,0.0,1.0,5.0,0.0,7.0,0.0,0.0,7.0,20.0,0
335.0,0.0,25.0,13.0,0.0,0.0,11.0,5.0,4.0,0.0,0.0,0.0,3.0,0.0,2.0,0.0,0.0,8.0,18.0,0
336.0,0.0,25.0,16.0,0.0,0.0,14.0,1.0,1.0,0.0,0.0,1.0,1.0,1.0,3.0,1.0,0.0,6.0,22.0,25
337.0,0.0,25.0,15.0,0.0,0.0,11.0,5.0,5.0,0.0,0.0,2.0,0.0,2.0,6.0,1.0,1.0,9.0,19.0,0
338.0,0.0,25.0,21.0,0.0,0.0,20.0,0.0,0.0,0.0,0.0,0.0,6.0,2.0,0.0,2.0,0.0,3.0,20.0,25
339.0,0.0,25.0,17.0,0.0,0.0,16.0,0.0,0.0,0.0,0.0,0.0,6.0,2.0,2.0,1.0,1.0,4.0,24.0,25
340.0,0.0,25.0,19.0,0.0,0.0,14.0,5.0,3.0,0.0,0.0,1.0,3.0,0.0,5.0,0.0,0.0,5.0,18.0,0
341.0,0.0,25.0,19.0,0.0,0.0,16.0,5.0,1.0,0.0,0.0,1.0,1.0,0.0,5.0,0.0,0.0,5.0,20.0,0
342.0,0.0,25.0,16.0,0.0,0.0,13.0,5.0,3.0,0.0,0.0,3.0,3.0,0.0,6.0,0.0,0.0,6.0,21.0,0
343.0,0.0,25.0,13.0,0.0,1.0,11.0,5.0,3.0,0.0,0.0,1.0,3.0,0.0,3.0,0.0,0.0,8.0,18.0,0
344.0,0.0,25.0,15.0,0.0,0.0,12.0,6.0,4.0,0.0,0.0,1.0,0.0,0.0,1.0,0.0,0.0,7.0,18.0,0
345.0,0.0,25.0,19.0,0.0,0.0,14.0,5.0,3.0,0.0,0.0,3.0,1.0,0.0,6.0,0.0,0.0,6.0,20.0,0
346.0,0.0,25.0,19.0,0.0,0.0,15.0,1.0,1.0,0.0,0.0,0.0,1.0,2.0,2.0,1.0,1.0,4.0,21.0,25
347.0,0.0,25.0,20.0,0.0,0.0,19.0,0.0,0.0,0.0,0.0,0.0,4.0,2.0,1.0,1.0,1.0,3.0,21.0,25
348.0,0.0,25.0,19.0,0.0,0.0,17.0,5.0,3.0,0.0,0.0,1.0,5.0,0.0,1.0,0.0,0.0,5.0,19.0,0
349.0,0.0,25.0,17.0,0.0,0.0,15.0,0.0,0.0,0.0,0.0,0.0,2.0,2.0,3.0,1.0,1.0,5.0,20.0,25
350.0,0.0,25.0,16.0,0.0,0.0,12.0,5.0,4.0,0.0,0.0,3.0,1.0,0.0,6.0,0.0,0.0,8.0,19.0,0
351.0,1.0,25.0,20.0,0.0,0.0,18.0,4.0,2.0,0.0,0.0,0.0,5.0,0.0,0.0,0.0,0.0,4.0,19.0,0
352.0,0.0,25.0,15.0,0.0,1.0,11.0,1.0,1.0,0.0,0.0,0.0,3.0,1.0,6.0,0.0,0.0,7.0,18.0,25
353.0,0.0,25.0,16.0,0.0,0.0,12.0,6.0,4.0,0.0,0.0,1.0,3.0,0.0,3.0,0.0,0.0,8.0,20.0,0
354.0,0.0,25.0,19.0,0.0,0.0,17.0,5.0,1.0,2.0,2.0,1.0,4.0,0.0,3.0,0.0,0.0,5.0,18.0,0
355.0,0.0,25.0,16.0,0.0,0.0,16.0,5.0,5.0,0.0,0.0,0.0,1.0,0.0,0.0,0.0,0.0,5.0,19.0,0
356.0,0.0,25.0,15.0,0.0,0.0,13.0,5.0,3.0,0.0,0.0,1.0,7.0,0.0,2.0,0.0,0.0,7.0,20.0,0
357.0,0.0,25.0,16.0,0.0,0.0,14.0,5.0,3.0,0.0,0.0,3.0,0.0,0.0,5.0,0.0,0.0,6.0,21.0,0
358.0,0.0,25.0,15.0,0.0,0.0,12.0,5.0,3.0,0.0,0.0,1.0,0.0,0.0,3.0,0.0,0.0,7.0,17.0,0
359.0,0.0,25.0,17.0,0.0,0.0,17.0,5.0,5.0,0.0,0.0,0.0,3.0,0.0,0.0,0.0,0.0,5.0,19.0,0
360.0,0.0,25.0,17.0,0.0,0.0,14.0,5.0,6.0,0.0,0.0,1.0,1.0,0.0,2.0,0.0,0.0,6.0,20.0,0
361.0,0.0,25.0,19.0,0.0,0.0,16.0,0.0,0.0,0.0,0.0,0.0,2.0,1.0,4.0,0.0,0.0,3.0,23.0,25
362.0,0.0,25.0,17.0,0.0,0.0,14.0,5.0,1.0,2.0,2.0,1.0,3.0,0.0,3.0,0.0,0.0,5.0,19.0,0
363.0,0.0,25.0,17.0,0.0,0.0,13.0,5.0,5.0,0.0,0.0,0.0,7.0,0.0,0.0,0.0,0.0,5.0,16.0,0
364.0,0.0,25.0,15.0,0.0,0.0,10.0,7.0,5.0,0.0,0.0,5.0,2.0,0.0,7.0,0.0,0.0,7.0,19.0,0
365.0,0.0,25.0,17.0,0.0,0.0,14.0,4.0,2.0,0.0,0.0,0.0,3.0,0.0,1.0,0.0,0.0,5.0,18.0,0
366.0,1.0,25.0,22.0,0.0,0.0,21.0,0.0,0.0,0.0,0.0,0.0,3.0,2.0,0.0,2.0,0.0,3.0,20.0,25
367.0,0.0,25.0,17.0,0.0,0.0,14.0,5.0,3.0,0.0,0.0,3.0,0.0,0.0,5.0,0.0,0.0,6.0,21.0,0
368.0,0.0,25.0,17.0,0.0,0.0,14.0,5.0,6.0,0.0,0.0,1.0,1.0,0.0,2.0,0.0,0.0,6.0,20.0,0
369.0,0.0,25.0,19.0,0.0,0.0,16.0,0.0,2.0,0.0,0.0,0.0,3.0,1.0,5.0,0.0,1.0,6.0,23.0,25
370.0,0.0,25.0,18.0,0.0,0.0,16.0,5.0,1.0,2.0,2.0,1.0,0.0,0.0,3.0,0.0,0.0,6.0,20.0,0
371.0,0.0,25.0,16.0,0.0,0.0,14.0,0.0,0.0,0.0,0.0,0.0,2.0,1.0,2.0,1.0,0.0,3.0,22.0,25
372.0,0.0,25.0,15.0,0.0,0.0,11.0,7.0,5.0,1.0,0.0,3.0,1.0,0.0,4.0,0.0,0.0,8.0,19.0,0
373.0,0.0,25.0,15.0,0.0,0.0,11.0,6.0,6.0,0.0,0.0,1.0,1.0,0.0,1.0,0.0,0.0,8.0,16.0,0
374.0,0.0,25.0,16.0,0.0,0.0,14.0,4.0,3.0,0.0,0.0,0.0,4.0,0.0,2.0,0.0,0.0,6.0,21.0,0
375.0,0.0,25.0,17.0,0.0,0.0,14.0,0.0,0.0,0.0,0.0,0.0,8.0,1.0,5.0,0.0,1.0,6.0,22.0,25
376.0,0.0,25.0,16.0,0.0,0.0,12.0,4.0,2.0,0.0,0.0,0.0,6.0,0.0,3.0,0.0,0.0,7.0,17.0,0
377.0,0.0,25.0,13.0,0.0,1.0,10.0,6.0,6.0,0.0,0.0,2.0,0.0,0.0,5.0,0.0,0.0,10.0,17.0,0
378.0,0.0,25.0,19.0,0.0,0.0,18.0,0.0,0.0,0.0,0.0,0.0,4.0,2.0,1.0,1.0,1.0,3.0,21.0,25
379.0,0.0,25.0,18.0,0.0,0.0,17.0,0.0,1.0,0.0,0.0,0.0,0.0,2.0,2.0,1.0,1.0,3.0,24.0,25
380.0,0.0,25.0,19.0,0.0,0.0,14.0,5.0,3.0,1.0,0.0,1.0,3.0,0.0,0.0,0.0,0.0,5.0,18.0,0
381.0,0.0,25.0,16.0,0.0,0.0,11.0,5.0,3.0,0.0,0.0,1.0,2.0,0.0,3.0,0.0,0.0,7.0,16.0,0
382.0,0.0,25.0,17.0,0.0,0.0,15.0,0.0,0.0,0.0,0.0,0.0,1.0,2.0,2.0,1.0,1.0,4.0,19.0,25
383.0,0.0,25.0,16.0,0.0,0.0,14.0,6.0,4.0,0.0,0.0,3.0,0.0,0.0,5.0,0.0,0.0,6.0,19.0,0
384.0,0.0,25.0,18.0,0.0,0.0,16.0,4.0,2.0,0.0,0.0,0.0,8.0,0.0,0.0,0.0,0.0,4.0,20.0,0
385.0,0.0,25.0,19.0,0.0,0.0,15.0,0.0,0.0,0.0,0.0,0.0,5.0,2.0,1.0,1.0,1.0,3.0,20.0,25
386.0,0.0,25.0,18.0,0.0,0.0,15.0,0.0,1.0,0.0,0.0,0.0,0.0,1.0,2.0,1.0,0.0,3.0,21.0,25
387.0,0.0,25.0,16.0,0.0,0.0,14.0,4.0,2.0,0.0,0.0,0.0,0.0,0.0,1.0,0.0,0.0,6.0,20.0,0
388.0,0.0,25.0,18.0,0.0,0.0,15.0,0.0,0.0,0.0,0.0,0.0,4.0,1.0,3.0,0.0,0.0,4.0,23.0,25
389.0,0.0,25.0,15.0,0.0,0.0,13.0,1.0,1.0,0.0,0.0,0.0,1.0,1.0,3.0,1.0,0.0,6.0,20.0,25
390.0,0.0,25.0,15.0,0.0,0.0,13.0,6.0,6.0,0.0,0.0,0.0,1.0,0.0,0.0,0.0,0.0,6.0,16.0,0
391.0,0.0,25.0,17.0,0.0,0.0,14.0,5.0,3.0,0.0,0.0,1.0,1.0,0.0,1.0,0.0,0.0,5.0,21.0,0
392.0,0.0,25.0,17.0,0.0,0.0,14.0,2.0,2.0,0.0,0.0,2.0,3.0,1.0,5.0,0.0,0.0,6.0,22.0,25
393.0,0.0,25.0,20.0,0.0,0.0,18.0,4.0,2.0,0.0,0.0,0.0,5.0,0.0,0.0,0.0,0.0,4.0,17.0,0
394.0,0.0,25.0,18.0,0.0,1.0,15.0,0.0,0.0,0.0,0.0,0.0,4.0,2.0,2.0,1.0,1.0,4.0,20.0,25
395.0,0.0,25.0,16.0,0.0,0.0,13.0,4.0,2.0,0.0,0.0,0.0,3.0,0.0,2.0,0.0,0.0,6.0,19.0,0
396.0,0.0,25.0,18.0,0.0,0.0,15.0,5.0,5.0,0.0,0.0,1.0,1.0,0.0,1.0,0.0,0.0,5.0,20.0,0
397.0,0.0,25.0,16.0,0.0,0.0,13.0,4.0,2.0,0.0,0.0,0.0,7.0,0.0,3.0,0.0,0.0,7.0,20.0,0
398.0,0.0,25.0,19.0,0.0,0.0,15.0,0.0,0.0,0.0,0.0,0.0,0.0,2.0,2.0,1.0,1.0,4.0,21.0,25
399.0,0.0,25.0,19.0,0.0,0.0,17.0,1.0,1.0,0.0,0.0,1.0,2.0,2.0,2.0,1.0,1.0,4.0,20.0,25
400.0,0.0,25.0,16.0,0.0,0.0,14.0,5.0,3.0,0.0,0.0,1.0,0.0,0.0,1.0,0.0,0.0,6.0,20.0,0
401.0,0.0,25.0,15.0,0.0,0.0,11.0,8.0,6.0,0.0,0.0,2.0,2.0,0.0,2.0,0.0,0.0,8.0,16.0,0
402.0,0.0,25.0,16.0,0.0,2.0,14.0,0.0,0.0,0.0,0.0,0.0,2.0,1.0,3.0,0.0,0.0,4.0,22.0,25
403.0,0.0,25.0,18.0,0.0,0.0,15.0,0.0,0.0,0.0,0.0,0.0,6.0,1.0,3.0,0.0,1.0,4.0,23.0,25
404.0,1.0,25.0,21.0,0.0,0.0,19.0,0.0,0.0,0.0,0.0,0.0,5.0,1.0,3.0,0.0,1.0,4.0,22.0,25
405.0,0.0,25.0,16.0,0.0,0.0,12.0,2.0,2.0,0.0,0.0,1.0,0.0,1.0,4.0,0.0,0.0,6.0,20.0,25
406.0,0.0,25.0,21.0,0.0,0.0,18.0,0.0,0.0,0.0,0.0,0.0,1.0,2.0,2.0,1.0,1.0,3.0,22.0,25
407.0,0.0,25.0,14.0,0.0,0.0,12.0,6.0,4.0,0.0,0.0,3.0,5.0,0.0,6.0,0.0,0.0,7.0,22.0,0
408.0,0.0,25.0,16.0,0.0,0.0,14.0,5.0,1.0,2.0,2.0,1.0,5.0,0.0,3.0,0.0,0.0,5.0,20.0,0
409.0,0.0,25.0,16.0,0.0,0.0,14.0,0.0,0.0,0.0,0.0,0.0,3.0,1.0,3.0,0.0,0.0,4.0,24.0,25
410.0,0.0,25.0,19.0,0.0,0.0,17.0,2.0,5.0,0.0,0.0,2.0,8.0,0.0,5.0,0.0,0.0,5.0,23.0,25
411.0,0.0,25.0,17.0,0.0,0.0,14.0,0.0,0.0,0.0,0.0,0.0,4.0,1.0,5.0,0.0,1.0,5.0,22.0,25
412.0,0.0,25.0,19.0,0.0,0.0,17.0,0.0,0.0,0.0,0.0,0.0,2.0,1.0,2.0,1.0,0.0,3.0,24.0,25
413.0,0.0,25.0,15.0,0.0,0.0,13.0,5.0,5.0,0.0,0.0,1.0,0.0,0.0,2.0,0.0,0.0,7.0,19.0,0
414.0,0.0,25.0,17.0,0.0,0.0,16.0,1.0,1.0,0.0,0.0,0.0,1.0,2.0,3.0,1.0,1.0,5.0,21.0,25
415.0,0.0,25.0,14.0,0.0,0.0,13.0,1.0,2.0,0.0,0.0,0.0,7.0,2.0,5.0,1.0,1.0,7.0,22.0,25
416.0,0.0,25.0,19.0,0.0,0.0,18.0,0.0,0.0,0.0,0.0,0.0,6.0,2.0,1.0,1.0,1.0,3.0,19.0,25
417.0,0.0,25.0,14.0,0.0,0.0,11.0,1.0,2.0,0.0,0.0,0.0,2.0,1.0,3.0,0.0,0.0,6.0,18.0,25
418.0,0.0,25.0,18.0,0.0,0.0,16.0,0.0,0.0,0.0,0.0,0.0,2.0,1.0,2.0,1.0,0.0,3.0,24.0,25
419.0,0.0,25.0,19.0,0.0,0.0,14.0,5.0,3.0,1.0,0.0,1.0,1.0,0.0,0.0,0.0,0.0,5.0,18.0,0
420.0,0.0,25.0,16.0,0.0,0.0,14.0,5.0,3.0,0.0,0.0,3.0,3.0,0.0,6.0,0.0,0.0,6.0,22.0,0
421.0,0.0,25.0,14.0,0.0,0.0,12.0,0.0,0.0,0.0,0.0,0.0,5.0,1.0,4.0,1.0,0.0,6.0,23.0,25
422.0,0.0,25.0,18.0,0.0,0.0,14.0,5.0,3.0,0.0,0.0,3.0,0.0,0.0,5.0,0.0,0.0,6.0,20.0,0
423.0,0.0,25.0,19.0,0.0,0.0,17.0,0.0,0.0,0.0,0.0,0.0,5.0,1.0,2.0,0.0,0.0,3.0,22.0,25
424.0,0.0,25.0,18.0,0.0,0.0,12.0,5.0,3.0,0.0,0.0,1.0,5.0,0.0,2.0,0.0,0.0,6.0,16.0,0
425.0,0.0,25.0,15.0,1.0,0.0,11.0,6.0,4.0,0.0,0.0,1.0,4.0,0.0,2.0,0.0,0.0,7.0,16.0,0
426.0,0.0,25.0,17.0,0.0,0.0,14.0,5.0,1.0,2.0,2.0,1.0,3.0,2.0,5.0,2.0,2.0,6.0,19.0,0
427.0,0.0,25.0,18.0,0.0,0.0,14.0,4.0,2.0,0.0,0.0,0.0,4.0,0.0,0.0,0.0,0.0,5.0,18.0,0
428.0,0.0,25.0,19.0,0.0,0.0,17.0,0.0,0.0,0.0,0.0,0.0,4.0,1.0,2.0,0.0,0.0,3.0,23.0,25
429.0,0.0,25.0,16.0,0.0,0.0,14.0,4.0,3.0,0.0,0.0,0.0,4.0,0.0,2.0,0.0,0.0,6.0,20.0,0
430.0,0.0,25.0,19.0,0.0,0.0,16.0,4.0,2.0,0.0,0.0,0.0,3.0,0.0,0.0,0.0,0.0,4.0,20.0,0
431.0,0.0,25.0,16.0,0.0,0.0,11.0,8.0,9.0,0.0,0.0,2.0,3.0,0.0,4.0,0.0,0.0,11.0,18.0,0
432.0,0.0,25.0,16.0,0.0,0.0,13.0,5.0,4.0,0.0,0.0,3.0,2.0,0.0,6.0,0.0,0.0,7.0,21.0,0
433.0,0.0,25.0,15.0,0.0,0.0,11.0,7.0,5.0,0.0,0.0,3.0,0.0,0.0,3.0,0.0,0.0,8.0,18.0,0
434.0,0.0,25.0,18.0,0.0,0.0,14.0,5.0,6.0,0.0,0.0,1.0,5.0,0.0,2.0,0.0,0.0,6.0,19.0,0
435.0,0.0,25.0,16.0,0.0,1.0,12.0,6.0,6.0,0.0,0.0,1.0,0.0,0.0,1.0,0.0,0.0,7.0,15.0,0
436.0,0.0,25.0,15.0,0.0,0.0,13.0,5.0,3.0,0.0,0.0,1.0,2.0,0.0,2.0,0.0,0.0,6.0,19.0,0
437.0,0.0,25.0,18.0,0.0,0.0,16.0,5.0,3.0,0.0,0.0,1.0,2.0,0.0,1.0,0.0,0.0,5.0,21.0,0
438.0,0.0,25.0,17.0,0.0,0.0,15.0,2.0,5.0,0.0,0.0,2.0,8.0,0.0,6.0,0.0,0.0,6.0,25.0,25
439.0,0.0,25.0,17.0,0.0,0.0,14.0,2.0,5.0,0.0,0.0,2.0,3.0,0.0,6.0,0.0,0.0,6.0,24.0,25
440.0,0.0,25.0,16.0,0.0,0.0,13.0,5.0,3.0,0.0,0.0,1.0,3.0,0.0,2.0,0.0,0.0,6.0,20.0,0
441.0,0.0,25.0,16.0,0.0,0.0,13.0,1.0,2.0,0.0,0.0,0.0,2.0,1.0,4.0,0.0,0.0,7.0,19.0,25
442.0,0.0,25.0,16.0,0.0,0.0,14.0,0.0,1.0,0.0,0.0,0.0,3.0,1.0,4.0,1.0,0.0,6.0,23.0,25
443.0,0.0,25.0,16.0,0.0,0.0,14.0,0.0,1.0,0.0,0.0,0.0,2.0,1.0,4.0,1.0,0.0,6.0,23.0,25
444.0,0.0,25.0,16.0,0.0,0.0,15.0,0.0,0.0,0.0,0.0,0.0,0.0,2.0,2.0,1.0,1.0,3.0,22.0,25
445.0,0.0,25.0,17.0,0.0,0.0,14.0,0.0,0.0,0.0,0.0,0.0,3.0,1.0,4.0,0.0,1.0,5.0,23.0,25
446.0,0.0,25.0,17.0,0.0,0.0,14.0,0.0,1.0,0.0,0.0,0.0,3.0,1.0,5.0,0.0,1.0,6.0,24.0,25
447.0,0.0,25.0,17.0,0.0,0.0,15.0,5.0,1.0,2.0,2.0,1.0,2.0,0.0,3.0,0.0,0.0,5.0,20.0,0
448.0,0.0,25.0,17.0,0.0,0.0,14.0,1.0,2.0,0.0,0.0,1.0,4.0,1.0,4.0,0.0,0.0,5.0,24.0,25
449.0,0.0,25.0,18.0,0.0,0.0,14.0,3.0,6.0,0.0,0.0,3.0,1.0,0.0,6.0,0.0,0.0,6.0,25.0,25
450.0,0.0,25.0,14.0,0.0,0.0,11.0,2.0,2.0,0.0,0.0,1.0,0.0,1.0,4.0,0.0,0.0,8.0,20.0,25
451.0,0.0,25.0,18.0,0.0,0.0,16.0,0.0,1.0,0.0,0.0,0.0,1.0,1.0,5.0,0.0,0.0,5.0,24.0,25
452.0,0.0,25.0,17.0,0.0,0.0,15.0,5.0,3.0,0.0,0.0,1.0,3.0,0.0,5.0,0.0,0.0,6.0,20.0,0
453.0,0.0,25.0,16.0,0.0,0.0,14.0,5.0,3.0,0.0,0.0,1.0,0.0,0.0,1.0,0.0,0.0,7.0,19.0,0
454.0,0.0,25.0,17.0,0.0,0.0,14.0,5.0,5.0,0.0,0.0,1.0,2.0,0.0,1.0,0.0,0.0,5.0,20.0,0
455.0,0.0,25.0,20.0,0.0,0.0,16.0,0.0,1.0,0.0,0.0,0.0,1.0,2.0,3.0,1.0,1.0,4.0,21.0,25
456.0,0.0,25.0,19.0,0.0,0.0,14.0,0.0,0.0,0.0,0.0,0.0,0.0,1.0,3.0,0.0,0.0,4.0,21.0,25
457.0,0.0,25.0,16.0,0.0,0.0,12.0,1.0,1.0,0.0,0.0,0.0,1.0,1.0,3.0,0.0,0.0,7.0,21.0,25
458.0,1.0,25.0,20.0,0.0,0.0,18.0,5.0,3.0,0.0,0.0,1.0,4.0,0.0,1.0,0.0,0.0,5.0,18.0,0
459.0,0.0,25.0,15.0,0.0,0.0,13.0,5.0,3.0,0.0,0.0,1.0,4.0,0.0,5.0,0.0,0.0,7.0,19.0,0
460.0,0.0,25.0,16.0,0.0,0.0,14.0,5.0,4.0,0.0,0.0,1.0,1.0,0.0,2.0,0.0,0.0,6.0,20.0,0
461.0,0.0,25.0,18.0,0.0,0.0,14.0,5.0,3.0,0.0,0.0,3.0,0.0,0.0,5.0,0.0,0.0,5.0,21.0,0
462.0,0.0,25.0,17.0,0.0,0.0,15.0,0.0,0.0,0.0,0.0,0.0,3.0,1.0,4.0,0.0,1.0,6.0,23.0,25
463.0,0.0,25.0,15.0,0.0,0.0,13.0,0.0,0.0,0.0,0.0,0.0,0.0,1.0,6.0,1.0,0.0,7.0,22.0,25
464.0,0.0,25.0,19.0,0.0,0.0,17.0,5.0,1.0,2.0,2.0,1.0,6.0,0.0,3.0,0.0,0.0,3.0,18.0,0
465.0,0.0,25.0,17.0,0.0,0.0,13.0,6.0,4.0,0.0,0.0,2.0,4.0,0.0,2.0,0.0,0.0,6.0,20.0,0
466.0,0.0,25.0,17.0,0.0,0.0,14.0,5.0,3.0,0.0,0.0,3.0,3.0,0.0,6.0,0.0,0.0,5.0,21.0,0
467.0,0.0,25.0,16.0,0.0,0.0,13.0,7.0,5.0,0.0,0.0,1.0,0.0,0.0,1.0,0.0,0.0,7.0,18.0,0
468.0,0.0,25.0,16.0,0.0,0.0,15.0,1.0,1.0,0.0,0.0,0.0,3.0,2.0,1.0,1.0,1.0,6.0,20.0,25
469.0,0.0,25.0,18.0,0.0,0.0,16.0,5.0,1.0,2.0,2.0,1.0,3.0,0.0,4.0,0.0,0.0,6.0,18.0,0
470.0,0.0,25.0,18.0,0.0,0.0,14.0,5.0,3.0,0.0,0.0,1.0,4.0,0.0,2.0,0.0,0.0,6.0,20.0,0
471.0,0.0,25.0,15.0,0.0,2.0,12.0,5.0,5.0,0.0,0.0,1.0,0.0,0.0,2.0,0.0,0.0,6.0,17.0,0
472.0,0.0,25.0,19.0,0.0,0.0,17.0,1.0,1.0,0.0,0.0,0.0,3.0,2.0,1.0,1.0,1.0,4.0,20.0,25
473.0,0.0,25.0,18.0,0.0,1.0,13.0,6.0,4.0,0.0,0.0,1.0,1.0,0.0,1.0,0.0,0.0,6.0,16.0,0
474.0,0.0,25.0,15.0,0.0,0.0,12.0,5.0,3.0,0.0,0.0,1.0,3.0,0.0,1.0,0.0,0.0,7.0,18.0,0
475.0,0.0,25.0,20.0,0.0,0.0,19.0,0.0,0.0,0.0,0.0,0.0,3.0,2.0,1.0,1.0,1.0,4.0,19.0,25
476.0,0.0,25.0,15.0,0.0,0.0,13.0,0.0,0.0,0.0,0.0,0.0,5.0,1.0,4.0,0.0,0.0,6.0,23.0,25
477.0,0.0,25.0,17.0,0.0,0.0,14.0,0.0,1.0,0.0,0.0,0.0,4.0,1.0,4.0,1.0,0.0,5.0,22.0,25
478.0,0.0,25.0,16.0,0.0,0.0,14.0,1.0,1.0,0.0,0.0,0.0,3.0,2.0,1.0,1.0,1.0,5.0,18.0,25
479.0,0.0,25.0,18.0,0.0,0.0,15.0,1.0,1.0,0.0,0.0,1.0,3.0,2.0,3.0,1.0,1.0,4.0,23.0,25
480.0,0.0,25.0,18.0,0.0,0.0,15.0,0.0,0.0,0.0,0.0,0.0,0.0,1.0,4.0,0.0,1.0,5.0,22.0,25
481.0,0.0,25.0,16.0,0.0,0.0,12.0,5.0,3.0,0.0,0.0,3.0,4.0,0.0,6.0,0.0,0.0,6.0,20.0,0
482.0,0.0,25.0,15.0,0.0,0.0,12.0,4.0,3.0,0.0,0.0,0.0,6.0,0.0,2.0,0.0,0.0,6.0,20.0,0
483.0,0.0,25.0,13.0,1.0,0.0,12.0,6.0,6.0,0.0,0.0,0.0,3.0,0.0,1.0,0.0,0.0,7.0,16.0,0
484.0,0.0,25.0,15.0,0.0,0.0,13.0,1.0,1.0,0.0,0.0,0.0,0.0,1.0,2.0,1.0,0.0,7.0,20.0,25
485.0,0.0,25.0,14.0,0.0,0.0,12.0,6.0,7.0,0.0,0.0,1.0,4.0,0.0,2.0,0.0,0.0,7.0,20.0,0
486.0,0.0,25.0,17.0,0.0,0.0,14.0,5.0,4.0,0.0,0.0,3.0,1.0,0.0,6.0,0.0,0.0,7.0,21.0,0
487.0,0.0,25.0,15.0,0.0,0.0,12.0,6.0,6.0,0.0,0.0,1.0,0.0,0.0,2.0,0.0,0.0,8.0,15.0,0
488.0,0.0,25.0,17.0,0.0,0.0,15.0,4.0,2.0,0.0,0.0,0.0,1.0,0.0,0.0,0.0,0.0,4.0,21.0,0
489.0,0.0,25.0,16.0,0.0,0.0,13.0,5.0,5.0,0.0,0.0,1.0,1.0,0.0,2.0,0.0,0.0,6.0,19.0,0
490.0,0.0,25.0,16.0,0.0,1.0,14.0,0.0,2.0,0.0,0.0,0.0,2.0,1.0,4.0,1.0,0.0,6.0,23.0,25
491.0,0.0,25.0,17.0,0.0,0.0,16.0,0.0,0.0,0.0,0.0,0.0,0.0,2.0,2.0,1.0,1.0,5.0,22.0,25
492.0,0.0,25.0,16.0,0.0,0.0,14.0,0.0,2.0,0.0,0.0,0.0,2.0,1.0,7.0,0.0,0.0,8.0,22.0,25
493.0,0.0,25.0,17.0,0.0,0.0,15.0,5.0,3.0,0.0,0.0,1.0,2.0,0.0,5.0,0.0,0.0,6.0,20.0,0
494.0,0.0,25.0,17.0,0.0,0.0,15.0,5.0,3.0,0.0,0.0,1.0,5.0,0.0,1.0,0.0,0.0,5.0,19.0,0
495.0,0.0,25.0,18.0,0.0,1.0,14.0,5.0,5.0,0.0,0.0,1.0,2.0,0.0,1.0,0.0,0.0,5.0,18.0,0
496.0,0.0,25.0,17.0,0.0,0.0,15.0,4.0,3.0,0.0,0.0,0.0,3.0,0.0,2.0,0.0,0.0,6.0,20.0,0
497.0,0.0,25.0,15.0,0.0,0.0,11.0,6.0,4.0,0.0,0.0,1.0,2.0,0.0,4.0,0.0,0.0,9.0,16.0,0
498.0,0.0,25.0,17.0,0.0,0.0,14.0,0.0,0.0,0.0,0.0,0.0,4.0,1.0,2.0,0.0,0.0,3.0,21.0,25
499.0,0.0,25.0,17.0,0.0,0.0,16.0,0.0,0.0,0.0,0.0,0.0,2.0,2.0,2.0,1.0,1.0,3.0,23.0,25
500.0,0.0,25.0,19.0,0.0,0.0,17.0,0.0,0.0,0.0,0.0,0.0,1.0,1.0,3.0,1.0,0.0,4.0,22.0,25
501.0,0.0,25.0,19.0,0.0,0.0,13.0,5.0,1.0,0.0,0.0,1.0,4.0,0.0,5.0,0.0,0.0,5.0,17.0,0
502.0,0.0,25.0,18.0,0.0,0.0,16.0,5.0,3.0,0.0,0.0,1.0,2.0,0.0,1.0,0.0,0.0,5.0,21.0,0
503.0,0.0,25.0,16.0,0.0,0.0,13.0,2.0,2.0,0.0,0.0,0.0,2.0,2.0,3.0,1.0,1.0,6.0,21.0,25
504.0,0.0,25.0,17.0,0.0,1.0,13.0,0.0,0.0,0.0,0.0,0.0,2.0,1.0,2.0,1.0,0.0,3.0,21.0,25
505.0,0.0,25.0,19.0,0.0,0.0,16.0,0.0,0.0,0.0,0.0,0.0,2.0,2.0,3.0,1.0,1.0,4.0,22.0,25
506.0,0.0,25.0,16.0,0.0,1.0,13.0,0.0,1.0,0.0,0.0,0.0,3.0,1.0,4.0,1.0,0.0,6.0,22.0,25
507.0,0.0,25.0,15.0,1.0,0.0,12.0,7.0,7.0,0.0,0.0,1.0,2.0,0.0,1.0,0.0,0.0,7.0,19.0,0
508.0,0.0,25.0,19.0,0.0,0.0,14.0,0.0,0.0,0.0,0.0,0.0,1.0,1.0,3.0,0.0,0.0,4.0,21.0,25
509.0,0.0,25.0,18.0,0.0,0.0,15.0,1.0,1.0,0.0,0.0,1.0,2.0,2.0,3.0,1.0,1.0,4.0,23.0,25
510.0,0.0,25.0,14.0,0.0,0.0,11.0,6.0,4.0,0.0,0.0,1.0,4.0,0.0,3.0,0.0,0.0,8.0,17.0,0
511.0,0.0,25.0,17.0,0.0,0.0,15.0,0.0,0.0,0.0,0.0,0.0,0.0,1.0,2.0,1.0,0.0,4.0,23.0,25
512.0,0.0,25.0,18.0,0.0,0.0,15.0,5.0,3.0,0.0,0.0,1.0,0.0,0.0,1.0,0.0,0.0,6.0,20.0,0
513.0,0.0,25.0,16.0,0.0,0.0,13.0,5.0,4.0,0.0,0.0,3.0,0.0,0.0,6.0,0.0,0.0,7.0,21.0,0
514.0,0.0,25.0,16.0,0.0,0.0,12.0,6.0,6.0,0.0,0.0,1.0,0.0,0.0,1.0,0.0,0.0,7.0,17.0,0
515.0,0.0,25.0,15.0,0.0,0.0,12.0,2.0,2.0,0.0,0.0,2.0,3.0,1.0,6.0,0.0,0.0,6.0,24.0,25
516.0,0.0,25.0,17.0,0.0,0.0,14.0,5.0,3.0,0.0,0.0,1.0,6.0,0.0,1.0,0.0,0.0,5.0,20.0,0
517.0,0.0,25.0,18.0,0.0,0.0,16.0,5.0,3.0,0.0,0.0,3.0,0.0,0.0,5.0,0.0,0.0,5.0,23.0,0
518.0,0.0,25.0,17.0,0.0,0.0,14.0,0.0,0.0,0.0,0.0,0.0,1.0,1.0,3.0,0.0,1.0,5.0,22.0,25
519.0,0.0,25.0,17.0,0.0,0.0,13.0,5.0,4.0,0.0,0.0,1.0,0.0,0.0,3.0,0.0,0.0,7.0,19.0,0
520.0,0.0,25.0,16.0,0.0,0.0,11.0,7.0,5.0,0.0,0.0,1.0,2.0,0.0,1.0,0.0,0.0,7.0,16.0,0
521.0,0.0,25.0,19.0,0.0,0.0,17.0,0.0,0.0,0.0,0.0,0.0,5.0,1.0,2.0,0.0,0.0,3.0,23.0,25
522.0,0.0,25.0,18.0,0.0,0.0,16.0,0.0,0.0,0.0,0.0,0.0,4.0,2.0,4.0,1.0,1.0,5.0,23.0,25
523.0,0.0,25.0,17.0,0.0,0.0,13.0,5.0,3.0,0.0,0.0,1.0,2.0,0.0,2.0,0.0,0.0,7.0,18.0,0
524.0,0.0,25.0,18.0,0.0,0.0,16.0,5.0,5.0,0.0,0.0,1.0,5.0,0.0,1.0,0.0,0.0,5.0,20.0,0
525.0,0.0,25.0,17.0,0.0,0.0,14.0,0.0,0.0,0.0,0.0,0.0,1.0,2.0,5.0,1.0,1.0,6.0,20.0,25
526.0,0.0,25.0,15.0,0.0,0.0,13.0,0.0,0.0,0.0,0.0,0.0,1.0,1.0,3.0,0.0,0.0,6.0,21.0,25
527.0,0.0,25.0,18.0,0.0,0.0,13.0,5.0,3.0,1.0,0.0,1.0,1.0,0.0,0.0,0.0,0.0,5.0,18.0,0
528.0,0.0,25.0,18.0,0.0,0.0,15.0,0.0,0.0,0.0,0.0,0.0,7.0,2.0,1.0,1.0,1.0,3.0,21.0,25
529.0,0.0,25.0,17.0,0.0,0.0,14.0,6.0,2.0,0.0,0.0,1.0,2.0,0.0,5.0,0.0,0.0,7.0,17.0,0
530.0,0.0,25.0,19.0,0.0,0.0,18.0,0.0,0.0,0.0,0.0,0.0,0.0,2.0,2.0,1.0,1.0,3.0,24.0,25
531.0,0.0,25.0,18.0,0.0,0.0,16.0,5.0,1.0,2.0,2.0,1.0,3.0,0.0,3.0,0.0,0.0,5.0,20.0,0
532.0,0.0,25.0,14.0,0.0,0.0,12.0,1.0,1.0,0.0,0.0,0.0,3.0,1.0,5.0,0.0,0.0,6.0,21.0,25
533.0,0.0,25.0,16.0,0.0,0.0,13.0,5.0,4.0,0.0,0.0,1.0,1.0,0.0,3.0,0.0,0.0,8.0,19.0,0
534.0,0.0,25.0,17.0,0.0,0.0,13.0,0.0,0.0,0.0,0.0,0.0,0.0,1.0,3.0,0.0,0.0,4.0,21.0,25
535.0,0.0,25.0,16.0,0.0,0.0,13.0,5.0,3.0,1.0,0.0,2.0,6.0,0.0,2.0,0.0,0.0,6.0,21.0,0
536.0,0.0,25.0,17.0,0.0,0.0,14.0,5.0,3.0,0.0,0.0,1.0,7.0,0.0,1.0,0.0,0.0,5.0,20.0,0
537.0,1.0,25.0,19.0,0.0,0.0,17.0,5.0,3.0,0.0,0.0,1.0,1.0,0.0,1.0,0.0,0.0,5.0,21.0,0
538.0,0.0,25.0,19.0,0.0,0.0,14.0,1.0,1.0,0.0,0.0,1.0,6.0,1.0,3.0,0.0,0.0,4.0,22.0,25
539.0,0.0,25.0,16.0,0.0,0.0,13.0,5.0,1.0,2.0,2.0,1.0,4.0,2.0,4.0,0.0,0.0,7.0,18.0,0
540.0,0.0,25.0,14.0,0.0,0.0,12.0,5.0,3.0,0.0,0.0,1.0,0.0,0.0,3.0,0.0,0.0,8.0,18.0,0
541.0,0.0,25.0,16.0,0.0,0.0,14.0,5.0,5.0,0.0,0.0,1.0,1.0,0.0,1.0,0.0,0.0,5.0,20.0,0
542.0,0.0,25.0,17.0,0.0,0.0,15.0,5.0,1.0,2.0,2.0,1.0,3.0,0.0,3.0,0.0,0.0,5.0,17.0,0
543.0,0.0,25.0,19.0,0.0,0.0,16.0,5.0,3.0,0.0,0.0,3.0,1.0,0.0,5.0,0.0,0.0,5.0,22.0,0
544.0,0.0,25.0,13.0,0.0,0.0,10.0,8.0,6.0,0.0,0.0,1.0,0.0,0.0,3.0,0.0,0.0,10.0,15.0,0
545.0,0.0,25.0,18.0,0.0,0.0,13.0,0.0,0.0,0.0,0.0,0.0,1.0,1.0,3.0,0.0,0.0,5.0,21.0,25
546.0,0.0,25.0,18.0,0.0,1.0,16.0,0.0,0.0,0.0,0.0,0.0,1.0,2.0,1.0,1.0,1.0,3.0,22.0,25
547.0,0.0,25.0,18.0,0.0,1.0,14.0,0.0,0.0,0.0,0.0,0.0,0.0,1.0,2.0,1.0,0.0,4.0,21.0,25
548.0,0.0,25.0,20.0,0.0,0.0,18.0,0.0,0.0,0.0,0.0,0.0,4.0,1.0,3.0,0.0,1.0,4.0,23.0,25
549.0,0.0,25.0,15.0,0.0,1.0,12.0,5.0,6.0,0.0,0.0,1.0,1.0,0.0,3.0,0.0,0.0,7.0,18.0,0
550.0,0.0,25.0,19.0,0.0,0.0,17.0,4.0,2.0,0.0,0.0,0.0,3.0,0.0,0.0,0.0,0.0,4.0,21.0,0
551.0,0.0,25.0,16.0,0.0,0.0,14.0,5.0,5.0,0.0,0.0,1.0,1.0,0.0,2.0,0.0,0.0,7.0,19.0,0
552.0,0.0,25.0,19.0,0.0,0.0,16.0,0.0,0.0,0.0,0.0,0.0,1.0,1.0,4.0,0.0,1.0,5.0,22.0,25
553.0,0.0,25.0,14.0,0.0,2.0,12.0,5.0,5.0,0.0,0.0,1.0,2.0,0.0,2.0,0.0,0.0,8.0,18.0,0
554.0,0.0,25.0,19.0,0.0,0.0,16.0,0.0,0.0,0.0,0.0,0.0,1.0,1.0,3.0,1.0,0.0,4.0,23.0,25
555.0,0.0,25.0,19.0,0.0,0.0,17.0,0.0,0.0,0.0,0.0,0.0,0.0,2.0,2.0,1.0,1.0,4.0,23.0,25
556.0,0.0,25.0,17.0,0.0,0.0,13.0,5.0,4.0,0.0,0.0,3.0,3.0,0.0,7.0,0.0,0.0,7.0,21.0,0
557.0,0.0,25.0,16.0,0.0,0.0,12.0,5.0,3.0,0.0,0.0,3.0,2.0,0.0,7.0,0.0,0.0,7.0,21.0,0
558.0,0.0,25.0,18.0,0.0,0.0,14.0,4.0,2.0,0.0,0.0,0.0,1.0,0.0,0.0,0.0,0.0,5.0,18.0,0
559.0,0.0,25.0,19.0,0.0,0.0,17.0,2.0,1.0,2.0,4.0,1.0,2.0,0.0,3.0,2.0,0.0,3.0,20.0,0
560.0,0.0,25.0,16.0,0.0,0.0,14.0,5.0,5.0,0.0,0.0,0.0,2.0,0.0,0.0,0.0,0.0,5.0,18.0,0
561.0,0.0,25.0,15.0,0.0,0.0,13.0,3.0,3.0,0.0,0.0,2.0,1.0,2.0,5.0,1.0,1.0,7.0,20.0,25
562.0,0.0,25.0,18.0,0.0,0.0,15.0,1.0,1.0,0.0,0.0,0.0,0.0,1.0,2.0,0.0,0.0,5.0,20.0,25
563.0,0.0,25.0,19.0,0.0,0.0,15.0,0.0,1.0,0.0,0.0,0.0,0.0,1.0,3.0,0.0,0.0,4.0,22.0,25
564.0,0.0,25.0,16.0,0.0,1.0,13.0,5.0,1.0,2.0,2.0,1.0,6.0,2.0,3.0,0.0,0.0,5.0,20.0,0
565.0,0.0,25.0,17.0,0.0,0.0,12.0,5.0,3.0,1.0,0.0,1.0,4.0,0.0,1.0,0.0,0.0,6.0,17.0,0
566.0,0.0,25.0,18.0,0.0,0.0,15.0,0.0,0.0,0.0,0.0,0.0,0.0,2.0,3.0,1.0,1.0,4.0,21.0,25
567.0,0.0,25.0,14.0,0.0,0.0,12.0,6.0,6.0,0.0,0.0,1.0,2.0,0.0,2.0,0.0,0.0,7.0,18.0,0
568.0,0.0,25.0,16.0,0.0,0.0,12.0,6.0,7.0,0.0,0.0,2.0,2.0,0.0,3.0,0.0,0.0,7.0,17.0,0
569.0,0.0,25.0,19.0,0.0,0.0,17.0,0.0,1.0,0.0,0.0,0.0,0.0,1.0,2.0,1.0,0.0,3.0,23.0,25
570.0,0.0,25.0,18.0,0.0,0.0,15.0,5.0,5.0,0.0,0.0,1.0,5.0,0.0,1.0,0.0,0.0,5.0,20.0,0
571.0,0.0,25.0,14.0,0.0,0.0,12.0,5.0,3.0,0.0,0.0,0.0,1.0,0.0,1.0,0.0,0.0,6.0,17.0,0
572.0,0.0,25.0,16.0,1.0,0.0,13.0,1.0,1.0,0.0,0.0,0.0,1.0,1.0,2.0,0.0,0.0,4.0,21.0,25
573.0,0.0,25.0,17.0,0.0,0.0,13.0,5.0,3.0,0.0,0.0,3.0,0.0,0.0,5.0,0.0,0.0,7.0,19.0,0
574.0,0.0,25.0,14.0,0.0,0.0,11.0,7.0,5.0,0.0,0.0,3.0,3.0,0.0,5.0,0.0,0.0,8.0,21.0,0
575.0,0.0,25.0,18.0,0.0,0.0,15.0,0.0,0.0,0.0,0.0,0.0,3.0,2.0,2.0,1.0,1.0,3.0,22.0,25
576.0,0.0,25.0,18.0,0.0,0.0,16.0,5.0,1.0,2.0,2.0,1.0,4.0,0.0,3.0,0.0,0.0,5.0,17.0,0
577.0,0.0,25.0,16.0,0.0,0.0,13.0,6.0,7.0,0.0,0.0,1.0,1.0,0.0,2.0,0.0,0.0,7.0,20.0,0
578.0,0.0,25.0,16.0,0.0,0.0,13.0,5.0,4.0,0.0,0.0,1.0,2.0,0.0,2.0,0.0,0.0,6.0,20.0,0
579.0,0.0,25.0,20.0,0.0,0.0,16.0,0.0,0.0,0.0,0.0,0.0,0.0,2.0,2.0,1.0,1.0,3.0,21.0,25
580.0,0.0,25.0,19.0,0.0,0.0,14.0,5.0,5.0,0.0,0.0,1.0,0.0,0.0,1.0,0.0,0.0,5.0,18.0,0
581.0,0.0,25.0,16.0,0.0,0.0,11.0,7.0,5.0,0.0,0.0,1.0,1.0,0.0,1.0,0.0,0.0,7.0,15.0,0
582.0,0.0,25.0,19.0,0.0,0.0,17.0,0.0,0.0,0.0,0.0,0.0,4.0,1.0,3.0,0.0,0.0,4.0,23.0,25
583.0,0.0,25.0,20.0,0.0,0.0,17.0,0.0,0.0,0.0,0.0,0.0,1.0,2.0,1.0,1.0,1.0,3.0,21.0,25
584.0,0.0,25.0,18.0,0.0,0.0,14.0,0.0,0.0,0.0,0.0,0.0,6.0,1.0,3.0,0.0,0.0,3.0,21.0,25
585.0,0.0,25.0,18.0,0.0,0.0,16.0,5.0,1.0,2.0,2.0,1.0,3.0,0.0,3.0,0.0,0.0,6.0,19.0,0
586.0,0.0,25.0,15.0,0.0,0.0,12.0,3.0,3.0,0.0,0.0,0.0,4.0,2.0,3.0,1.0,1.0,7.0,20.0,0
587.0,0.0,25.0,18.0,0.0,0.0,14.0,0.0,0.0,0.0,0.0,0.0,4.0,1.0,2.0,1.0,0.0,3.0,22.0,25
588.0,0.0,25.0,17.0,0.0,0.0,15.0,5.0,3.0,0.0,0.0,1.0,0.0,0.0,1.0,0.0,0.0,5.0,21.0,0
589.0,0.0,25.0,18.0,0.0,0.0,13.0,5.0,3.0,0.0,0.0,3.0,2.0,0.0,8.0,0.0,0.0,8.0,21.0,0
590.0,0.0,25.0,18.0,0.0,0.0,12.0,6.0,4.0,0.0,0.0,2.0,3.0,0.0,2.0,0.0,0.0,6.0,18.0,0
591.0,0.0,25.0,18.0,0.0,0.0,16.0,0.0,0.0,0.0,0.0,0.0,4.0,2.0,2.0,1.0,1.0,3.0,23.0,25
592.0,0.0,25.0,19.0,0.0,0.0,17.0,0.0,0.0,0.0,0.0,0.0,4.0,1.0,4.0,0.0,1.0,5.0,23.0,25
593.0,0.0,25.0,19.0,0.0,0.0,16.0,0.0,1.0,0.0,0.0,0.0,1.0,2.0,3.0,1.0,1.0,4.0,22.0,25
594.0,0.0,25.0,18.0,0.0,0.0,16.0,0.0,1.0,0.0,0.0,0.0,3.0,2.0,3.0,1.0,1.0,5.0,22.0,25
595.0,0.0,25.0,18.0,0.0,0.0,11.0,6.0,4.0,0.0,0.0,1.0,1.0,0.0,1.0,0.0,0.0,6.0,14.0,0
596.0,0.0,25.0,17.0,0.0,0.0,15.0,5.0,1.0,2.0,2.0,1.0,2.0,0.0,3.0,0.0,0.0,3.0,19.0,0
597.0,0.0,25.0,18.0,0.0,0.0,16.0,0.0,0.0,0.0,0.0,0.0,3.0,1.0,3.0,0.0,0.0,4.0,24.0,25
598.0,0.0,25.0,17.0,0.0,0.0,15.0,0.0,0.0,0.0,0.0,0.0,3.0,2.0,3.0,1.0,1.0,5.0,20.0,25
599.0,0.0,25.0,17.0,0.0,0.0,14.0,1.0,1.0,0.0,0.0,0.0,1.0,1.0,1.0,0.0,0.0,5.0,20.0,25
600.0,0.0,25.0,15.0,1.0,0.0,13.0,6.0,4.0,0.0,0.0,3.0,0.0,0.0,6.0,0.0,0.0,7.0,19.0,0
601.0,0.0,25.0,19.0,0.0,0.0,15.0,4.0,2.0,0.0,0.0,0.0,3.0,0.0,0.0,0.0,0.0,5.0,19.0,0
602.0,0.0,25.0,16.0,0.0,0.0,12.0,5.0,3.0,0.0,0.0,0.0,3.0,0.0,1.0,0.0,0.0,6.0,16.0,0
603.0,0.0,25.0,18.0,0.0,0.0,14.0,5.0,5.0,0.0,0.0,1.0,0.0,0.0,1.0,0.0,0.0,6.0,18.0,0
604.0,0.0,25.0,18.0,0.0,0.0,13.0,1.0,1.0,0.0,0.0,0.0,0.0,1.0,2.0,1.0,0.0,4.0,19.0,25
605.0,0.0,25.0,18.0,0.0,0.0,14.0,1.0,1.0,0.0,0.0,0.0,6.0,1.0,3.0,0.0,1.0,5.0,19.0,25
606.0,0.0,25.0,15.0,0.0,0.0,13.0,5.0,3.0,0.0,0.0,1.0,4.0,0.0,3.0,0.0,0.0,6.0,21.0,0
607.0,0.0,25.0,14.0,0.0,1.0,11.0,6.0,4.0,0.0,0.0,1.0,2.0,0.0,2.0,0.0,0.0,7.0,18.0,0
608.0,0.0,25.0,17.0,0.0,0.0,14.0,0.0,0.0,0.0,0.0,0.0,1.0,1.0,4.0,1.0,0.0,5.0,23.0,25
609.0,0.0,25.0,20.0,0.0,0.0,15.0,0.0,0.0,0.0,0.0,0.0,4.0,1.0,2.0,1.0,0.0,3.0,21.0,25
610.0,0.0,25.0,15.0,0.0,1.0,13.0,5.0,1.0,2.0,2.0,1.0,1.0,2.0,6.0,2.0,2.0,7.0,19.0,0
611.0,0.0,25.0,17.0,0.0,0.0,15.0,5.0,4.0,0.0,0.0,3.0,3.0,0.0,6.0,0.0,0.0,6.0,23.0,0
612.0,0.0,25.0,20.0,0.0,0.0,18.0,0.0,0.0,0.0,0.0,0.0,5.0,1.0,3.0,0.0,0.0,4.0,20.0,25
613.0,0.0,25.0,18.0,0.0,0.0,16.0,0.0,0.0,0.0,0.0,0.0,0.0,1.0,2.0,1.0,0.0,3.0,24.0,25
614.0,0.0,25.0,16.0,0.0,0.0,14.0,0.0,1.0,0.0,0.0,0.0,1.0,2.0,3.0,1.0,1.0,6.0,21.0,25
615.0,0.0,25.0,18.0,0.0,0.0,16.0,0.0,0.0,0.0,0.0,0.0,1.0,2.0,3.0,1.0,1.0,5.0,22.0,25
616.0,0.0,25.0,19.0,0.0,0.0,17.0,0.0,0.0,0.0,0.0,0.0,0.0,2.0,2.0,1.0,1.0,3.0,23.0,25
617.0,0.0,25.0,17.0,0.0,0.0,15.0,0.0,0.0,0.0,0.0,0.0,5.0,1.0,4.0,0.0,1.0,5.0,23.0,25
618.0,0.0,25.0,17.0,0.0,0.0,13.0,2.0,2.0,0.0,0.0,2.0,3.0,1.0,7.0,0.0,0.0,8.0,21.0,25
619.0,0.0,25.0,18.0,0.0,0.0,14.0,5.0,5.0,0.0,0.0,1.0,3.0,0.0,2.0,0.0,0.0,6.0,19.0,0
620.0,0.0,25.0,17.0,0.0,1.0,14.0,0.0,0.0,0.0,0.0,0.0,0.0,2.0,4.0,1.0,1.0,5.0,21.0,25
621.0,0.0,25.0,13.0,0.0,0.0,11.0,6.0,7.0,0.0,0.0,1.0,1.0,0.0,4.0,0.0,0.0,10.0,15.0,0
622.0,0.0,25.0,21.0,0.0,0.0,20.0,0.0,0.0,0.0,0.0,0.0,5.0,2.0,1.0,1.0,0.0,3.0,19.0,25
623.0,0.0,25.0,16.0,0.0,0.0,14.0,5.0,3.0,0.0,0.0,3.0,2.0,0.0,6.0,0.0,0.0,6.0,22.0,0
624.0,0.0,25.0,15.0,0.0,0.0,13.0,5.0,5.0,0.0,0.0,1.0,1.0,0.0,3.0,0.0,0.0,7.0,19.0,0
625.0,0.0,25.0,17.0,0.0,0.0,15.0,0.0,2.0,0.0,0.0,0.0,3.0,1.0,4.0,1.0,0.0,6.0,23.0,25
626.0,0.0,25.0,19.0,0.0,0.0,17.0,4.0,2.0,0.0,0.0,0.0,7.0,0.0,0.0,0.0,0.0,4.0,18.0,0
627.0,0.0,25.0,18.0,0.0,0.0,15.0,0.0,0.0,0.0,0.0,0.0,4.0,2.0,2.0,1.0,1.0,3.0,22.0,25
628.0,0.0,25.0,16.0,0.0,0.0,14.0,0.0,0.0,0.0,0.0,0.0,4.0,1.0,4.0,0.0,1.0,5.0,23.0,25
629.0,0.0,25.0,16.0,0.0,0.0,14.0,0.0,0.0,0.0,0.0,0.0,0.0,1.0,3.0,1.0,0.0,6.0,21.0,25
630.0,0.0,25.0,19.0,0.0,0.0,18.0,0.0,0.0,0.0,0.0,0.0,3.0,2.0,1.0,1.0,1.0,3.0,22.0,25
631.0,0.0,25.0,14.0,0.0,0.0,12.0,6.0,6.0,0.0,0.0,1.0,2.0,0.0,2.0,0.0,0.0,7.0,17.0,0
632.0,0.0,25.0,14.0,0.0,0.0,12.0,6.0,6.0,0.0,0.0,1.0,1.0,0.0,1.0,0.0,0.0,8.0,18.0,0
633.0,0.0,25.0,13.0,0.0,0.0,11.0,2.0,2.0,0.0,0.0,0.0,0.0,1.0,5.0,0.0,0.0,9.0,18.0,25
634.0,0.0,25.0,18.0,0.0,0.0,15.0,0.0,0.0,0.0,0.0,0.0,2.0,1.0,3.0,0.0,0.0,4.0,22.0,25
635.0,0.0,25.0,16.0,0.0,0.0,13.0,6.0,4.0,0.0,0.0,1.0,2.0,0.0,1.0,0.0,0.0,7.0,16.0,0
636.0,0.0,25.0,15.0,0.0,0.0,12.0,7.0,6.0,0.0,0.0,3.0,2.0,0.0,4.0,0.0,0.0,8.0,21.0,0
637.0,0.0,25.0,18.0,0.0,0.0,14.0,1.0,1.0,0.0,0.0,1.0,2.0,1.0,4.0,0.0,0.0,5.0,23.0,25
638.0,0.0,25.0,17.0,0.0,0.0,15.0,5.0,1.0,2.0,2.0,1.0,4.0,0.0,3.0,0.0,0.0,5.0,19.0,0
639.0,0.0,25.0,17.0,0.0,0.0,14.0,0.0,0.0,0.0,0.0,0.0,2.0,2.0,4.0,1.0,1.0,5.0,21.0,25
640.0,0.0,25.0,17.0,0.0,0.0,14.0,5.0,5.0,0.0,0.0,1.0,0.0,0.0,3.0,0.0,0.0,7.0,19.0,0
641.0,0.0,25.0,18.0,0.0,0.0,14.0,5.0,3.0,0.0,0.0,1.0,5.0,0.0,1.0,0.0,0.0,5.0,19.0,0
642.0,0.0,25.0,18.0,0.0,0.0,13.0,5.0,5.0,0.0,0.0,1.0,0.0,0.0,1.0,0.0,0.0,5.0,18.0,0
643.0,0.0,25.0,20.0,0.0,0.0,16.0,0.0,1.0,0.0,0.0,0.0,4.0,2.0,2.0,1.0,1.0,4.0,20.0,25
644.0,0.0,25.0,18.0,0.0,0.0,13.0,5.0,6.0,0.0,0.0,1.0,1.0,0.0,2.0,0.0,0.0,7.0,18.0,0
645.0,0.0,25.0,19.0,0.0,0.0,16.0,5.0,3.0,0.0,0.0,1.0,0.0,0.0,1.0,0.0,0.0,5.0,20.0,0
646.0,0.0,25.0,19.0,0.0,0.0,17.0,0.0,0.0,0.0,0.0,0.0,0.0,1.0,3.0,0.0,0.0,5.0,23.0,25
647.0,0.0,25.0,20.0,0.0,0.0,18.0,0.0,0.0,0.0,0.0,0.0,2.0,1.0,3.0,0.0,1.0,5.0,21.0,25
648.0,0.0,25.0,19.0,0.0,0.0,16.0,1.0,1.0,0.0,0.0,0.0,2.0,1.0,2.0,0.0,0.0,5.0,21.0,25
649.0,0.0,25.0,17.0,0.0,0.0,15.0,0.0,0.0,0.0,0.0,0.0,0.0,1.0,3.0,1.0,0.0,5.0,23.0,25
650.0,0.0,25.0,16.0,0.0,0.0,14.0,5.0,1.0,2.0,2.0,1.0,5.0,2.0,3.0,0.0,0.0,6.0,20.0,0
651.0,0.0,25.0,16.0,0.0,0.0,14.0,0.0,0.0,0.0,0.0,0.0,2.0,1.0,3.0,1.0,0.0,4.0,24.0,25
652.0,0.0,25.0,18.0,0.0,0.0,16.0,0.0,0.0,0.0,0.0,0.0,2.0,1.0,3.0,0.0,1.0,4.0,24.0,25
653.0,0.0,25.0,19.0,0.0,0.0,17.0,0.0,0.0,0.0,0.0,0.0,0.0,2.0,2.0,1.0,1.0,3.0,23.0,25
654.0,0.0,25.0,18.0,0.0,0.0,17.0,0.0,1.0,0.0,0.0,0.0,0.0,1.0,2.0,1.0,0.0,3.0,24.0,25
655.0,0.0,25.0,17.0,0.0,0.0,15.0,1.0,2.0,0.0,0.0,1.0,0.0,1.0,3.0,1.0,0.0,5.0,23.0,25
656.0,0.0,25.0,15.0,0.0,0.0,14.0,2.0,4.0,0.0,0.0,0.0,3.0,1.0,3.0,1.0,0.0,6.0,21.0,25
657.0,0.0,25.0,18.0,0.0,0.0,15.0,0.0,0.0,0.0,0.0,0.0,0.0,1.0,3.0,1.0,0.0,4.0,22.0,25
658.0,0.0,25.0,16.0,0.0,0.0,14.0,5.0,3.0,0.0,0.0,3.0,2.0,0.0,7.0,0.0,0.0,7.0,22.0,0
659.0,0.0,25.0,19.0,0.0,0.0,17.0,0.0,0.0,0.0,0.0,0.0,0.0,1.0,3.0,0.0,1.0,4.0,24.0,25
660.0,0.0,25.0,16.0,0.0,0.0,12.0,5.0,3.0,0.0,0.0,1.0,6.0,0.0,3.0,0.0,0.0,7.0,18.0,0
661.0,0.0,25.0,16.0,0.0,1.0,14.0,0.0,0.0,0.0,0.0,0.0,0.0,1.0,2.0,1.0,0.0,5.0,22.0,25
662.0,0.0,25.0,15.0,0.0,2.0,13.0,0.0,1.0,0.0,0.0,0.0,1.0,1.0,4.0,0.0,0.0,5.0,21.0,25
663.0,0.0,25.0,16.0,0.0,0.0,15.0,1.0,2.0,0.0,0.0,0.0,1.0,1.0,3.0,1.0,0.0,5.0,21.0,25
664.0,0.0,25.0,18.0,0.0,1.0,14.0,5.0,1.0,2.0,2.0,1.0,2.0,0.0,3.0,0.0,0.0,5.0,18.0,0
665.0,0.0,25.0,18.0,0.0,0.0,16.0,5.0,1.0,2.0,2.0,1.0,8.0,0.0,3.0,0.0,0.0,5.0,19.0,0
666.0,0.0,25.0,16.0,0.0,1.0,13.0,1.0,1.0,0.0,0.0,0.0,1.0,1.0,3.0,0.0,1.0,5.0,21.0,25
667.0,0.0,25.0,16.0,0.0,0.0,14.0,5.0,3.0,0.0,0.0,1.0,3.0,0.0,2.0,0.0,0.0,6.0,21.0,0
668.0,0.0,25.0,19.0,0.0,0.0,17.0,2.0,1.0,2.0,4.0,1.0,5.0,0.0,3.0,2.0,0.0,3.0,19.0,0
669.0,0.0,25.0,16.0,0.0,0.0,14.0,5.0,3.0,0.0,0.0,1.0,6.0,0.0,6.0,0.0,0.0,6.0,21.0,0
670.0,0.0,25.0,17.0,0.0,1.0,13.0,0.0,0.0,0.0,0.0,0.0,3.0,1.0,3.0,1.0,0.0,4.0,20.0,25
671.0,0.0,25.0,16.0,0.0,0.0,15.0,0.0,1.0,0.0,0.0,0.0,1.0,1.0,4.0,1.0,0.0,5.0,23.0,25
672.0,0.0,25.0,17.0,0.0,0.0,15.0,1.0,1.0,0.0,0.0,0.0,1.0,2.0,2.0,1.0,1.0,5.0,19.0,25
673.0,0.0,25.0,16.0,0.0,1.0,12.0,2.0,3.0,0.0,0.0,1.0,2.0,1.0,6.0,0.0,0.0,7.0,20.0,25
674.0,0.0,25.0,15.0,1.0,0.0,13.0,6.0,4.0,0.0,0.0,3.0,1.0,0.0,5.0,0.0,0.0,7.0,19.0,0
675.0,0.0,25.0,15.0,0.0,0.0,13.0,5.0,6.0,0.0,0.0,1.0,3.0,0.0,2.0,0.0,0.0,6.0,21.0,0
676.0,0.0,25.0,16.0,0.0,0.0,13.0,5.0,4.0,0.0,0.0,1.0,1.0,0.0,2.0,0.0,0.0,7.0,20.0,0
677.0,0.0,25.0,18.0,0.0,0.0,16.0,5.0,1.0,2.0,2.0,1.0,7.0,0.0,3.0,0.0,0.0,3.0,20.0,0
678.0,0.0,25.0,17.0,0.0,0.0,14.0,2.0,6.0,0.0,0.0,2.0,3.0,0.0,6.0,0.0,0.0,7.0,23.0,25
679.0,0.0,25.0,16.0,0.0,0.0,12.0,6.0,6.0,0.0,0.0,1.0,2.0,0.0,2.0,0.0,0.0,7.0,17.0,0
680.0,0.0,25.0,17.0,0.0,0.0,15.0,0.0,0.0,0.0,0.0,0.0,5.0,1.0,3.0,0.0,0.0,3.0,23.0,25
681.0,0.0,25.0,19.0,0.0,0.0,18.0,0.0,0.0,0.0,0.0,0.0,0.0,1.0,2.0,1.0,0.0,4.0,23.0,25
682.0,0.0,25.0,19.0,0.0,0.0,15.0,1.0,1.0,0.0,0.0,0.0,1.0,2.0,2.0,1.0,1.0,4.0,21.0,25
683.0,0.0,25.0,16.0,0.0,0.0,14.0,5.0,3.0,0.0,0.0,1.0,4.0,0.0,2.0,0.0,0.0,6.0,20.0,0
684.0,0.0,25.0,16.0,0.0,0.0,14.0,0.0,0.0,0.0,0.0,0.0,0.0,1.0,3.0,0.0,0.0,5.0,22.0,25
685.0,0.0,25.0,17.0,0.0,0.0,15.0,5.0,3.0,0.0,0.0,1.0,3.0,0.0,6.0,0.0,0.0,6.0,21.0,0
686.0,0.0,25.0,14.0,0.0,2.0,12.0,5.0,5.0,0.0,0.0,1.0,1.0,0.0,1.0,0.0,0.0,7.0,17.0,0
687.0,0.0,25.0,18.0,0.0,0.0,16.0,0.0,0.0,0.0,0.0,0.0,0.0,1.0,2.0,1.0,0.0,4.0,22.0,25
688.0,0.0,25.0,18.0,0.0,0.0,14.0,5.0,3.0,0.0,0.0,3.0,1.0,0.0,6.0,0.0,0.0,6.0,20.0,0
689.0,1.0,25.0,18.0,0.0,0.0,16.0,4.0,2.0,0.0,0.0,0.0,0.0,0.0,0.0,0.0,0.0,4.0,19.0,0
690.0,0.0,25.0,19.0,0.0,0.0,18.0,0.0,0.0,0.0,0.0,0.0,6.0,2.0,1.0,1.0,1.0,3.0,22.0,25
691.0,0.0,25.0,18.0,0.0,0.0,16.0,0.0,0.0,0.0,0.0,0.0,6.0,1.0,2.0,0.0,0.0,3.0,21.0,25
692.0,0.0,25.0,16.0,0.0,0.0,14.0,0.0,0.0,0.0,0.0,0.0,4.0,2.0,5.0,1.0,1.0,6.0,22.0,25
693.0,0.0,25.0,17.0,0.0,0.0,14.0,0.0,2.0,0.0,0.0,0.0,1.0,1.0,6.0,1.0,0.0,7.0,23.0,25
694.0,0.0,25.0,20.0,0.0,0.0,18.0,0.0,0.0,0.0,0.0,0.0,6.0,1.0,3.0,0.0,1.0,4.0,21.0,25
695.0,0.0,25.0,17.0,0.0,0.0,13.0,5.0,3.0,0.0,0.0,1.0,3.0,0.0,1.0,0.0,0.0,7.0,18.0,0
696.0,0.0,25.0,17.0,0.0,0.0,15.0,0.0,0.0,0.0,0.0,0.0,1.0,1.0,3.0,0.0,0.0,4.0,23.0,25
697.0,0.0,25.0,17.0,0.0,0.0,13.0,6.0,2.0,2.0,2.0,2.0,5.0,2.0,4.0,0.0,0.0,6.0,20.0,0
698.0,0.0,25.0,15.0,0.0,0.0,13.0,5.0,3.0,0.0,0.0,3.0,4.0,0.0,6.0,0.0,0.0,7.0,21.0,0
699.0,0.0,25.0,13.0,0.0,0.0,11.0,4.0,3.0,0.0,0.0,0.0,2.0,0.0,4.0,0.0,0.0,9.0,17.0,0
700.0,0.0,25.0,18.0,0.0,0.0,17.0,0.0,0.0,0.0,0.0,0.0,4.0,2.0,1.0,1.0,1.0,3.0,21.0,25
701.0,0.0,25.0,15.0,0.0,2.0,13.0,0.0,0.0,0.0,0.0,0.0,0.0,1.0,3.0,1.0,0.0,5.0,20.0,25
702.0,0.0,25.0,16.0,0.0,0.0,14.0,0.0,0.0,0.0,0.0,0.0,0.0,1.0,4.0,1.0,0.0,5.0,22.0,25
703.0,0.0,25.0,19.0,0.0,0.0,16.0,0.0,0.0,0.0,0.0,0.0,5.0,2.0,2.0,1.0,1.0,5.0,20.0,25
704.0,0.0,25.0,16.0,0.0,0.0,14.0,0.0,0.0,0.0,0.0,0.0,0.0,2.0,2.0,1.0,1.0,3.0,20.0,25
705.0,0.0,25.0,14.0,0.0,0.0,14.0,6.0,6.0,0.0,0.0,0.0,2.0,0.0,0.0,0.0,0.0,6.0,18.0,0
706.0,0.0,25.0,13.0,0.0,0.0,12.0,5.0,5.0,0.0,0.0,0.0,3.0,0.0,2.0,0.0,0.0,7.0,18.0,0
707.0,0.0,25.0,16.0,0.0,0.0,11.0,6.0,4.0,0.0,0.0,1.0,5.0,0.0,6.0,0.0,0.0,7.0,14.0,0
708.0,0.0,25.0,16.0,0.0,1.0,13.0,1.0,1.0,0.0,0.0,0.0,0.0,1.0,3.0,0.0,0.0,5.0,21.0,25
709.0,0.0,25.0,19.0,0.0,0.0,15.0,0.0,0.0,0.0,0.0,0.0,0.0,1.0,3.0,1.0,0.0,4.0,20.0,25
710.0,0.0,25.0,20.0,0.0,0.0,18.0,0.0,0.0,0.0,0.0,0.0,1.0,2.0,2.0,1.0,1.0,3.0,23.0,25
711.0,0.0,25.0,19.0,0.0,0.0,16.0,0.0,0.0,0.0,0.0,0.0,1.0,1.0,3.0,0.0,0.0,4.0,23.0,25
712.0,0.0,25.0,15.0,0.0,0.0,14.0,5.0,5.0,0.0,0.0,0.0,3.0,0.0,0.0,0.0,0.0,5.0,19.0,0
713.0,0.0,25.0,17.0,0.0,0.0,13.0,6.0,4.0,0.0,0.0,2.0,1.0,0.0,6.0,0.0,0.0,7.0,19.0,0
714.0,0.0,25.0,18.0,0.0,0.0,12.0,5.0,1.0,0.0,0.0,1.0,6.0,0.0,5.0,0.0,0.0,5.0,17.0,0
715.0,0.0,25.0,16.0,0.0,1.0,12.0,4.0,2.0,0.0,0.0,0.0,3.0,0.0,1.0,0.0,0.0,4.0,18.0,0
716.0,0.0,25.0,15.0,0.0,0.0,12.0,7.0,5.0,0.0,0.0,3.0,2.0,0.0,3.0,0.0,0.0,7.0,21.0,0
717.0,0.0,25.0,20.0,0.0,0.0,15.0,0.0,1.0,0.0,0.0,0.0,1.0,2.0,3.0,1.0,1.0,4.0,20.0,25
718.0,0.0,25.0,19.0,0.0,0.0,16.0,0.0,0.0,0.0,0.0,0.0,1.0,2.0,3.0,1.0,1.0,4.0,22.0,25
719.0,0.0,25.0,12.0,1.0,0.0,10.0,6.0,6.0,0.0,0.0,1.0,2.0,0.0,6.0,0.0,0.0,11.0,18.0,0
720.0,0.0,25.0,19.0,0.0,0.0,17.0,0.0,1.0,0.0,0.0,0.0,1.0,2.0,3.0,1.0,1.0,5.0,22.0,25
721.0,0.0,25.0,15.0,0.0,0.0,12.0,4.0,2.0,0.0,0.0,0.0,3.0,0.0,3.0,0.0,0.0,7.0,18.0,0
722.0,0.0,25.0,16.0,0.0,0.0,13.0,0.0,0.0,0.0,0.0,0.0,4.0,1.0,4.0,0.0,0.0,5.0,22.0,25
723.0,0.0,25.0,19.0,0.0,0.0,16.0,5.0,5.0,0.0,0.0,1.0,0.0,0.0,1.0,0.0,0.0,5.0,20.0,0
724.0,0.0,25.0,16.0,0.0,0.0,14.0,5.0,1.0,2.0,2.0,1.0,2.0,2.0,3.0,0.0,0.0,7.0,19.0,0
725.0,0.0,25.0,15.0,0.0,0.0,10.0,7.0,5.0,0.0,0.0,3.0,0.0,0.0,5.0,0.0,0.0,9.0,16.0,0
726.0,0.0,25.0,18.0,0.0,0.0,15.0,5.0,3.0,0.0,0.0,3.0,2.0,0.0,5.0,0.0,0.0,5.0,22.0,0
727.0,0.0,25.0,16.0,0.0,0.0,14.0,5.0,1.0,2.0,2.0,1.0,5.0,2.0,4.0,0.0,0.0,6.0,20.0,0
728.0,0.0,25.0,16.0,0.0,0.0,13.0,6.0,4.0,0.0,0.0,1.0,2.0,0.0,1.0,0.0,0.0,7.0,19.0,0
729.0,0.0,25.0,14.0,0.0,0.0,12.0,5.0,3.0,0.0,0.0,1.0,2.0,0.0,2.0,0.0,0.0,6.0,19.0,0
730.0,0.0,25.0,17.0,0.0,0.0,15.0,5.0,3.0,0.0,0.0,3.0,2.0,0.0,6.0,0.0,0.0,6.0,23.0,0
731.0,0.0,25.0,17.0,0.0,0.0,13.0,5.0,3.0,0.0,0.0,1.0,2.0,0.0,1.0,0.0,0.0,5.0,18.0,0
732.0,0.0,25.0,16.0,0.0,0.0,14.0,0.0,0.0,0.0,0.0,0.0,3.0,1.0,4.0,0.0,0.0,6.0,24.0,25
733.0,0.0,25.0,18.0,0.0,0.0,16.0,0.0,1.0,0.0,0.0,0.0,2.0,1.0,3.0,1.0,0.0,4.0,22.0,25
734.0,0.0,25.0,18.0,0.0,0.0,15.0,0.0,0.0,0.0,0.0,0.0,1.0,2.0,3.0,1.0,1.0,6.0,21.0,25
735.0,0.0,25.0,13.0,0.0,0.0,11.0,0.0,0.0,0.0,0.0,0.0,0.0,1.0,5.0,0.0,0.0,6.0,18.0,25
736.0,0.0,25.0,17.0,0.0,0.0,15.0,0.0,0.0,0.0,0.0,0.0,0.0,1.0,2.0,1.0,0.0,5.0,22.0,25
737.0,0.0,25.0,19.0,0.0,0.0,14.0,4.0,3.0,0.0,0.0,0.0,4.0,0.0,2.0,0.0,0.0,6.0,17.0,0
738.0,0.0,25.0,16.0,0.0,0.0,14.0,0.0,2.0,0.0,0.0,0.0,4.0,1.0,7.0,0.0,0.0,8.0,24.0,25
739.0,0.0,25.0,16.0,0.0,0.0,13.0,5.0,4.0,0.0,0.0,3.0,3.0,0.0,7.0,0.0,0.0,7.0,22.0,0
740.0,0.0,25.0,19.0,0.0,0.0,13.0,0.0,0.0,0.0,0.0,0.0,0.0,1.0,2.0,1.0,0.0,7.0,18.0,25
741.0,0.0,25.0,16.0,0.0,0.0,15.0,0.0,0.0,0.0,0.0,0.0,4.0,2.0,4.0,1.0,1.0,5.0,23.0,25
742.0,0.0,25.0,18.0,0.0,0.0,15.0,0.0,0.0,0.0,0.0,0.0,0.0,1.0,2.0,1.0,0.0,5.0,21.0,25
743.0,0.0,25.0,18.0,0.0,0.0,14.0,0.0,0.0,0.0,0.0,0.0,3.0,1.0,4.0,0.0,1.0,5.0,21.0,25
744.0,0.0,25.0,15.0,0.0,0.0,11.0,5.0,6.0,0.0,0.0,1.0,3.0,0.0,3.0,0.0,0.0,7.0,20.0,0
745.0,0.0,25.0,20.0,0.0,0.0,18.0,2.0,5.0,0.0,0.0,2.0,3.0,0.0,5.0,0.0,0.0,5.0,24.0,25
746.0,0.0,25.0,20.0,0.0,0.0,13.0,0.0,0.0,0.0,0.0,0.0,6.0,2.0,1.0,1.0,1.0,4.0,16.0,25
747.0,0.0,25.0,19.0,0.0,0.0,14.0,0.0,1.0,0.0,0.0,0.0,1.0,2.0,3.0,1.0,1.0,6.0,19.0,25
748.0,0.0,25.0,16.0,0.0,0.0,13.0,1.0,1.0,0.0,0.0,0.0,4.0,2.0,2.0,1.0,1.0,5.0,20.0,25
749.0,0.0,25.0,17.0,0.0,1.0,14.0,0.0,0.0,0.0,0.0,0.0,4.0,1.0,2.0,1.0,0.0,3.0,22.0,25
750.0,0.0,25.0,20.0,0.0,0.0,19.0,0.0,0.0,0.0,0.0,0.0,8.0,2.0,1.0,1.0,1.0,3.0,19.0,25
751.0,0.0,25.0,21.0,0.0,0.0,14.0,0.0,0.0,0.0,0.0,0.0,3.0,1.0,3.0,0.0,1.0,6.0,19.0,25
752.0,0.0,25.0,16.0,0.0,0.0,13.0,0.0,0.0,0.0,0.0,0.0,2.0,1.0,4.0,0.0,0.0,7.0,21.0,25
753.0,0.0,25.0,14.0,0.0,0.0,12.0,6.0,4.0,0.0,0.0,1.0,3.0,0.0,3.0,0.0,0.0,8.0,18.0,0
754.0,0.0,25.0,17.0,0.0,0.0,14.0,1.0,1.0,0.0,0.0,0.0,1.0,2.0,2.0,1.0,1.0,6.0,20.0,25
755.0,0.0,25.0,15.0,0.0,1.0,13.0,0.0,0.0,0.0,0.0,0.0,1.0,1.0,3.0,1.0,0.0,5.0,20.0,25
756.0,0.0,25.0,16.0,0.0,0.0,14.0,5.0,3.0,0.0,0.0,3.0,2.0,0.0,5.0,0.0,0.0,5.0,23.0,0
757.0,0.0,25.0,17.0,0.0,1.0,15.0,0.0,0.0,0.0,0.0,0.0,2.0,1.0,3.0,1.0,0.0,4.0,22.0,25
758.0,0.0,25.0,19.0,0.0,0.0,15.0,5.0,1.0,2.0,2.0,1.0,1.0,0.0,3.0,0.0,0.0,5.0,19.0,0
759.0,0.0,25.0,16.0,0.0,0.0,13.0,6.0,4.0,0.0,0.0,4.0,0.0,0.0,7.0,0.0,0.0,7.0,22.0,0
760.0,1.0,25.0,21.0,0.0,0.0,18.0,2.0,1.0,4.0,2.0,1.0,5.0,2.0,3.0,2.0,2.0,3.0,19.0,0
761.0,0.0,25.0,16.0,0.0,0.0,14.0,0.0,1.0,0.0,0.0,0.0,6.0,1.0,4.0,0.0,0.0,5.0,23.0,25
762.0,0.0,25.0,15.0,0.0,0.0,13.0,5.0,6.0,0.0,0.0,0.0,1.0,0.0,1.0,0.0,0.0,8.0,16.0,0
763.0,0.0,25.0,15.0,0.0,0.0,12.0,1.0,1.0,0.0,0.0,0.0,1.0,1.0,5.0,1.0,0.0,7.0,21.0,25
764.0,0.0,25.0,17.0,0.0,0.0,15.0,0.0,2.0,0.0,0.0,0.0,2.0,1.0,4.0,1.0,0.0,5.0,23.0,25
765.0,0.0,25.0,18.0,0.0,0.0,15.0,0.0,0.0,0.0,0.0,0.0,0.0,1.0,3.0,0.0,1.0,4.0,23.0,25
766.0,0.0,25.0,16.0,0.0,0.0,13.0,5.0,5.0,0.0,0.0,1.0,2.0,0.0,3.0,0.0,0.0,7.0,19.0,0
767.0,0.0,25.0,18.0,0.0,0.0,15.0,0.0,0.0,0.0,0.0,0.0,0.0,1.0,3.0,0.0,1.0,4.0,23.0,25
768.0,0.0,25.0,15.0,0.0,0.0,12.0,2.0,2.0,0.0,0.0,2.0,2.0,1.0,5.0,1.0,0.0,6.0,23.0,25
769.0,0.0,25.0,20.0,0.0,0.0,18.0,4.0,2.0,0.0,0.0,0.0,2.0,0.0,0.0,0.0,0.0,4.0,19.0,0
770.0,0.0,25.0,18.0,0.0,0.0,13.0,1.0,1.0,0.0,0.0,1.0,4.0,1.0,4.0,0.0,1.0,6.0,21.0,25
771.0,0.0,25.0,21.0,0.0,0.0,16.0,0.0,0.0,0.0,0.0,0.0,0.0,1.0,3.0,0.0,1.0,4.0,21.0,25
772.0,0.0,25.0,17.0,0.0,0.0,13.0,6.0,4.0,0.0,0.0,3.0,1.0,0.0,5.0,0.0,0.0,6.0,18.0,0
773.0,0.0,25.0,15.0,0.0,0.0,13.0,0.0,0.0,0.0,0.0,0.0,4.0,1.0,4.0,0.0,0.0,5.0,24.0,25
774.0,0.0,25.0,16.0,0.0,1.0,13.0,5.0,6.0,0.0,0.0,1.0,4.0,0.0,2.0,0.0,0.0,6.0,18.0,0
775.0,0.0,25.0,16.0,0.0,0.0,14.0,0.0,0.0,0.0,0.0,0.0,3.0,1.0,5.0,0.0,0.0,6.0,23.0,25
776.0,0.0,25.0,17.0,0.0,0.0,13.0,0.0,0.0,0.0,0.0,0.0,8.0,1.0,3.0,0.0,0.0,4.0,21.0,25
777.0,0.0,25.0,18.0,0.0,0.0,15.0,5.0,1.0,0.0,0.0,1.0,3.0,0.0,5.0,0.0,0.0,6.0,20.0,0
778.0,0.0,25.0,16.0,0.0,1.0,13.0,4.0,4.0,0.0,0.0,0.0,1.0,0.0,2.0,0.0,0.0,6.0,18.0,0
779.0,0.0,25.0,17.0,0.0,0.0,15.0,0.0,0.0,0.0,0.0,0.0,0.0,1.0,3.0,0.0,0.0,4.0,24.0,25
780.0,0.0,25.0,19.0,0.0,0.0,17.0,0.0,1.0,0.0,0.0,0.0,1.0,1.0,3.0,1.0,0.0,4.0,23.0,25
781.0,0.0,25.0,17.0,0.0,0.0,14.0,1.0,1.0,0.0,0.0,0.0,2.0,2.0,2.0,1.0,1.0,4.0,19.0,25
782.0,0.0,25.0,19.0,0.0,0.0,15.0,5.0,3.0,0.0,0.0,3.0,2.0,0.0,5.0,0.0,0.0,5.0,21.0,0
783.0,0.0,25.0,14.0,0.0,0.0,14.0,5.0,5.0,0.0,0.0,0.0,0.0,0.0,2.0,0.0,0.0,7.0,18.0,0
784.0,0.0,25.0,16.0,0.0,0.0,14.0,5.0,3.0,0.0,0.0,3.0,2.0,0.0,5.0,0.0,0.0,8.0,21.0,0
785.0,0.0,25.0,18.0,0.0,0.0,16.0,5.0,5.0,0.0,0.0,1.0,0.0,0.0,1.0,0.0,0.0,5.0,21.0,0
786.0,0.0,25.0,15.0,0.0,0.0,12.0,1.0,1.0,0.0,0.0,0.0,4.0,1.0,2.0,0.0,0.0,6.0,18.0,25
787.0,0.0,25.0,17.0,0.0,1.0,13.0,0.0,1.0,0.0,0.0,0.0,1.0,1.0,3.0,1.0,0.0,7.0,21.0,25
788.0,0.0,25.0,18.0,0.0,0.0,16.0,5.0,3.0,0.0,0.0,1.0,5.0,0.0,1.0,0.0,0.0,5.0,17.0,0
789.0,0.0,25.0,14.0,0.0,0.0,12.0,5.0,5.0,0.0,0.0,1.0,2.0,0.0,2.0,0.0,0.0,6.0,19.0,0
790.0,0.0,25.0,18.0,0.0,0.0,15.0,0.0,0.0,0.0,0.0,0.0,8.0,2.0,1.0,1.0,1.0,3.0,21.0,25
791.0,0.0,25.0,18.0,0.0,0.0,16.0,0.0,0.0,0.0,0.0,0.0,2.0,2.0,2.0,1.0,1.0,3.0,23.0,25
792.0,0.0,25.0,18.0,0.0,0.0,16.0,0.0,1.0,0.0,0.0,0.0,2.0,1.0,4.0,0.0,0.0,5.0,22.0,25
793.0,0.0,25.0,20.0,0.0,0.0,19.0,0.0,0.0,0.0,0.0,0.0,4.0,2.0,1.0,1.0,1.0,3.0,20.0,25
794.0,0.0,25.0,18.0,0.0,0.0,15.0,0.0,0.0,0.0,0.0,0.0,8.0,2.0,1.0,1.0,1.0,3.0,21.0,25
795.0,0.0,25.0,15.0,0.0,0.0,11.0,2.0,2.0,0.0,0.0,0.0,2.0,1.0,3.0,0.0,0.0,6.0,18.0,25
796.0,0.0,25.0,19.0,0.0,0.0,17.0,0.0,0.0,0.0,0.0,0.0,2.0,2.0,2.0,1.0,1.0,3.0,23.0,25
797.0,0.0,25.0,18.0,0.0,0.0,14.0,0.0,2.0,0.0,0.0,0.0,2.0,2.0,4.0,1.0,1.0,6.0,20.0,25
798.0,0.0,25.0,16.0,0.0,0.0,14.0,0.0,0.0,0.0,0.0,0.0,2.0,1.0,3.0,1.0,0.0,5.0,23.0,25
799.0,0.0,25.0,20.0,0.0,0.0,16.0,0.0,0.0,0.0,0.0,0.0,3.0,1.0,3.0,0.0,0.0,4.0,22.0,25
