,id,l_3c_0,l_3c_1,l_3c_2,l_3c_3,l_3c_4,l_3c_5,l_3c_6,l_3c_7,l_3c_8,l_3c_9,sommet,class
0,0.0,1.0,1.0,1.0,1.0,1.0,1.0,1.0,1.0,1.0,1.0,8.0,1.0
1,1.0,1.0,1.0,1.0,1.0,1.0,1.0,1.0,1.0,1.0,1.0,38.0,1.0
2,2.0,1.0,1.0,1.0,1.0,1.0,1.0,1.0,1.0,1.0,1.0,63.0,1.0
3,3.0,1.0,1.0,1.0,1.0,1.0,1.0,1.0,1.0,1.0,1.0,92.0,1.0
4,4.0,1.0,1.0,1.0,1.0,1.0,1.0,1.0,1.0,1.0,1.0,118.0,0.0
5,5.0,1.0,1.0,1.0,1.0,1.0,1.0,1.0,1.0,1.0,1.0,135.0,1.0
6,6.0,1.0,1.0,1.0,1.0,1.0,1.0,1.0,1.0,1.0,1.0,167.0,1.0
7,7.0,1.0,1.0,1.0,1.0,1.0,1.0,1.0,1.0,1.0,1.0,191.0,1.0
8,8.0,1.0,1.0,1.0,1.0,1.0,1.0,1.0,1.0,1.0,1.0,208.0,1.0
9,9.0,1.0,1.0,1.0,1.0,1.0,1.0,1.0,1.0,1.0,1.0,228.0,0.0
10,10.0,1.0,1.0,1.0,1.0,1.0,1.0,1.0,1.0,1.0,1.0,259.0,1.0
11,11.0,1.0,1.0,1.0,1.0,1.0,1.0,1.0,1.0,1.0,1.0,292.0,0.0
12,12.0,1.0,1.0,1.0,1.0,1.0,1.0,1.0,1.0,1.0,1.0,311.0,1.0
13,13.0,1.0,1.0,1.0,1.0,1.0,1.0,1.0,1.0,1.0,1.0,329.0,1.0
14,14.0,1.0,1.0,1.0,1.0,1.0,1.0,1.0,1.0,1.0,1.0,365.0,1.0
15,15.0,1.0,1.0,1.0,1.0,1.0,1.0,1.0,1.0,1.0,1.0,392.0,1.0
16,16.0,1.0,1.0,1.0,1.0,1.0,1.0,1.0,1.0,1.0,1.0,424.0,0.0
17,17.0,1.0,1.0,1.0,1.0,1.0,1.0,1.0,1.0,1.0,1.0,441.0,1.0
18,18.0,1.0,1.0,1.0,1.0,1.0,1.0,1.0,1.0,1.0,1.0,458.0,1.0
19,19.0,1.0,1.0,1.0,1.0,1.0,1.0,1.0,1.0,1.0,1.0,488.0,0.0
20,20.0,1.0,1.0,1.0,1.0,1.0,1.0,1.0,1.0,1.0,1.0,507.0,0.0
21,21.0,1.0,1.0,1.0,1.0,1.0,1.0,1.0,1.0,1.0,1.0,529.0,0.0
22,22.0,1.0,1.0,1.0,1.0,1.0,1.0,1.0,1.0,1.0,1.0,559.0,0.0
23,23.0,1.0,1.0,1.0,1.0,1.0,1.0,1.0,1.0,1.0,1.0,584.0,1.0
24,24.0,1.0,1.0,1.0,1.0,1.0,1.0,1.0,1.0,1.0,1.0,617.0,0.0
25,25.0,1.0,1.0,1.0,1.0,1.0,1.0,1.0,1.0,1.0,1.0,646.0,0.0
26,26.0,1.0,1.0,1.0,1.0,1.0,1.0,1.0,1.0,1.0,1.0,654.0,0.0
27,27.0,1.0,1.0,1.0,1.0,1.0,1.0,1.0,1.0,1.0,1.0,691.0,1.0
28,28.0,1.0,1.0,1.0,1.0,1.0,1.0,1.0,1.0,1.0,1.0,714.0,1.0
29,29.0,1.0,1.0,1.0,1.0,1.0,1.0,1.0,1.0,1.0,1.0,740.0,1.0
30,30.0,1.0,1.0,1.0,1.0,1.0,1.0,1.0,1.0,1.0,1.0,774.0,0.0
31,31.0,1.0,1.0,1.0,1.0,1.0,1.0,1.0,1.0,1.0,1.0,799.0,0.0
32,32.0,1.0,1.0,1.0,1.0,1.0,1.0,1.0,1.0,1.0,1.0,812.0,1.0
33,33.0,1.0,1.0,1.0,1.0,1.0,1.0,1.0,1.0,1.0,1.0,837.0,0.0
34,34.0,1.0,1.0,1.0,1.0,1.0,1.0,1.0,1.0,1.0,1.0,869.0,0.0
35,35.0,1.0,1.0,1.0,1.0,1.0,1.0,1.0,1.0,1.0,1.0,896.0,0.0
36,36.0,1.0,1.0,1.0,1.0,1.0,1.0,1.0,1.0,1.0,1.0,907.0,1.0
37,37.0,1.0,1.0,1.0,1.0,1.0,1.0,1.0,1.0,1.0,1.0,934.0,1.0
38,38.0,1.0,1.0,1.0,1.0,1.0,1.0,1.0,1.0,1.0,1.0,955.0,1.0
39,39.0,1.0,1.0,1.0,1.0,1.0,1.0,1.0,1.0,1.0,1.0,987.0,0.0
40,40.0,1.0,1.0,1.0,1.0,1.0,1.0,1.0,1.0,1.0,1.0,1009.0,0.0
41,41.0,1.0,1.0,1.0,1.0,1.0,1.0,1.0,1.0,1.0,1.0,1049.0,0.0
42,42.0,1.0,1.0,1.0,1.0,1.0,1.0,1.0,1.0,1.0,1.0,1056.0,0.0
43,43.0,1.0,1.0,1.0,1.0,1.0,1.0,1.0,1.0,1.0,1.0,1075.0,1.0
44,44.0,1.0,1.0,1.0,1.0,1.0,1.0,1.0,1.0,1.0,1.0,1112.0,0.0
45,45.0,1.0,1.0,1.0,1.0,1.0,1.0,1.0,1.0,1.0,1.0,1149.0,0.0
46,46.0,1.0,1.0,1.0,1.0,1.0,1.0,1.0,1.0,1.0,1.0,1169.0,1.0
47,47.0,1.0,1.0,1.0,1.0,1.0,1.0,1.0,1.0,1.0,1.0,1190.0,1.0
48,48.0,1.0,1.0,1.0,1.0,1.0,1.0,1.0,1.0,1.0,1.0,1210.0,0.0
49,49.0,1.0,1.0,1.0,1.0,1.0,1.0,1.0,1.0,1.0,1.0,1243.0,1.0
50,50.0,1.0,1.0,1.0,1.0,1.0,1.0,1.0,1.0,1.0,1.0,1256.0,1.0
51,51.0,1.0,1.0,1.0,1.0,1.0,1.0,1.0,1.0,1.0,1.0,1292.0,1.0
52,52.0,1.0,1.0,1.0,1.0,1.0,1.0,1.0,1.0,1.0,1.0,1313.0,0.0
53,53.0,1.0,1.0,1.0,1.0,1.0,1.0,1.0,1.0,1.0,1.0,1330.0,1.0
54,54.0,1.0,1.0,1.0,1.0,1.0,1.0,1.0,1.0,1.0,1.0,1357.0,0.0
55,55.0,1.0,1.0,1.0,1.0,1.0,1.0,1.0,1.0,1.0,1.0,1391.0,0.0
56,56.0,1.0,1.0,1.0,1.0,1.0,1.0,1.0,1.0,1.0,1.0,1403.0,1.0
57,57.0,1.0,1.0,1.0,1.0,1.0,1.0,1.0,1.0,1.0,1.0,1432.0,0.0
58,58.0,1.0,1.0,1.0,1.0,1.0,1.0,1.0,1.0,1.0,1.0,1462.0,0.0
59,59.0,1.0,1.0,1.0,1.0,1.0,1.0,1.0,1.0,1.0,1.0,1494.0,1.0
60,60.0,1.0,1.0,1.0,1.0,1.0,1.0,1.0,1.0,1.0,1.0,1524.0,0.0
61,61.0,1.0,1.0,1.0,1.0,1.0,1.0,1.0,1.0,1.0,1.0,1535.0,0.0
62,62.0,1.0,1.0,1.0,1.0,1.0,1.0,1.0,1.0,1.0,1.0,1555.0,1.0
63,63.0,1.0,1.0,1.0,1.0,1.0,1.0,1.0,1.0,1.0,1.0,1581.0,0.0
64,64.0,1.0,1.0,1.0,1.0,1.0,1.0,1.0,1.0,1.0,1.0,1618.0,1.0
65,65.0,1.0,1.0,1.0,1.0,1.0,1.0,1.0,1.0,1.0,1.0,1630.0,1.0
66,66.0,1.0,1.0,1.0,1.0,1.0,1.0,1.0,1.0,1.0,1.0,1655.0,1.0
67,67.0,1.0,1.0,1.0,1.0,1.0,1.0,1.0,1.0,1.0,1.0,1679.0,1.0
68,68.0,1.0,1.0,1.0,1.0,1.0,1.0,1.0,1.0,1.0,1.0,1724.0,0.0
69,69.0,1.0,1.0,1.0,1.0,1.0,1.0,1.0,1.0,1.0,1.0,1729.0,1.0
70,70.0,1.0,1.0,1.0,1.0,1.0,1.0,1.0,1.0,1.0,1.0,1752.0,0.0
71,71.0,1.0,1.0,1.0,1.0,1.0,1.0,1.0,1.0,1.0,1.0,1782.0,0.0
72,72.0,1.0,1.0,1.0,1.0,1.0,1.0,1.0,1.0,1.0,1.0,1803.0,1.0
73,73.0,1.0,1.0,1.0,1.0,1.0,1.0,1.0,1.0,1.0,1.0,1827.0,1.0
74,74.0,1.0,1.0,1.0,1.0,1.0,1.0,1.0,1.0,1.0,1.0,1855.0,0.0
75,75.0,1.0,1.0,1.0,1.0,1.0,1.0,1.0,1.0,1.0,1.0,1884.0,0.0
76,76.0,1.0,1.0,1.0,1.0,1.0,1.0,1.0,1.0,1.0,1.0,1909.0,1.0
77,77.0,1.0,1.0,1.0,1.0,1.0,1.0,1.0,1.0,1.0,1.0,1927.0,0.0
78,78.0,1.0,1.0,1.0,1.0,1.0,1.0,1.0,1.0,1.0,1.0,1965.0,1.0
79,79.0,1.0,1.0,1.0,1.0,1.0,1.0,1.0,1.0,1.0,1.0,1986.0,0.0
80,80.0,1.0,1.0,1.0,1.0,1.0,1.0,1.0,1.0,1.0,1.0,2009.0,1.0
81,81.0,1.0,1.0,1.0,1.0,1.0,1.0,1.0,1.0,1.0,1.0,2034.0,0.0
82,82.0,1.0,1.0,1.0,1.0,1.0,1.0,1.0,1.0,1.0,1.0,2054.0,0.0
83,83.0,1.0,1.0,1.0,1.0,1.0,1.0,1.0,1.0,1.0,1.0,2087.0,0.0
84,84.0,1.0,1.0,1.0,1.0,1.0,1.0,1.0,1.0,1.0,1.0,2121.0,0.0
85,85.0,1.0,1.0,1.0,1.0,1.0,1.0,1.0,1.0,1.0,1.0,2139.0,1.0
86,86.0,1.0,1.0,1.0,1.0,1.0,1.0,1.0,1.0,1.0,1.0,2158.0,1.0
87,87.0,1.0,1.0,1.0,1.0,1.0,1.0,1.0,1.0,1.0,1.0,2186.0,1.0
88,88.0,1.0,1.0,1.0,1.0,1.0,1.0,1.0,1.0,1.0,1.0,2207.0,1.0
89,89.0,1.0,1.0,1.0,1.0,1.0,1.0,1.0,1.0,1.0,1.0,2243.0,0.0
90,90.0,1.0,1.0,1.0,1.0,1.0,1.0,1.0,1.0,1.0,1.0,2262.0,0.0
91,91.0,1.0,1.0,1.0,1.0,1.0,1.0,1.0,1.0,1.0,1.0,2293.0,0.0
92,92.0,1.0,1.0,1.0,1.0,1.0,1.0,1.0,1.0,1.0,1.0,2319.0,1.0
93,93.0,1.0,1.0,1.0,1.0,1.0,1.0,1.0,1.0,1.0,1.0,2332.0,0.0
94,94.0,1.0,1.0,1.0,1.0,1.0,1.0,1.0,1.0,1.0,1.0,2358.0,1.0
95,95.0,1.0,1.0,1.0,1.0,1.0,1.0,1.0,1.0,1.0,1.0,2379.0,0.0
96,96.0,1.0,1.0,1.0,1.0,1.0,1.0,1.0,1.0,1.0,1.0,2403.0,1.0
97,97.0,1.0,1.0,1.0,1.0,1.0,1.0,1.0,1.0,1.0,1.0,2431.0,0.0
98,98.0,1.0,1.0,1.0,1.0,1.0,1.0,1.0,1.0,1.0,1.0,2463.0,0.0
99,99.0,1.0,1.0,1.0,1.0,1.0,1.0,1.0,1.0,1.0,1.0,2481.0,1.0
100,100.0,1.0,1.0,1.0,1.0,1.0,1.0,1.0,1.0,1.0,1.0,2511.0,1.0
101,101.0,1.0,1.0,1.0,1.0,1.0,1.0,1.0,1.0,1.0,1.0,2549.0,0.0
102,102.0,1.0,1.0,1.0,1.0,1.0,1.0,1.0,1.0,1.0,1.0,2559.0,1.0
103,103.0,1.0,1.0,1.0,1.0,1.0,1.0,1.0,1.0,1.0,1.0,2594.0,0.0
104,104.0,1.0,1.0,1.0,1.0,1.0,1.0,1.0,1.0,1.0,1.0,2609.0,1.0
105,105.0,1.0,1.0,1.0,1.0,1.0,1.0,1.0,1.0,1.0,1.0,2634.0,1.0
106,106.0,1.0,1.0,1.0,1.0,1.0,1.0,1.0,1.0,1.0,1.0,2657.0,1.0
107,107.0,1.0,1.0,1.0,1.0,1.0,1.0,1.0,1.0,1.0,1.0,2684.0,1.0
108,108.0,1.0,1.0,1.0,1.0,1.0,1.0,1.0,1.0,1.0,1.0,2718.0,0.0
109,109.0,1.0,1.0,1.0,1.0,1.0,1.0,1.0,1.0,1.0,1.0,2729.0,1.0
110,110.0,1.0,1.0,1.0,1.0,1.0,1.0,1.0,1.0,1.0,1.0,2757.0,1.0
111,111.0,1.0,1.0,1.0,1.0,1.0,1.0,1.0,1.0,1.0,1.0,2783.0,1.0
112,112.0,1.0,1.0,1.0,1.0,1.0,1.0,1.0,1.0,1.0,1.0,2814.0,1.0
113,113.0,1.0,1.0,1.0,1.0,1.0,1.0,1.0,1.0,1.0,1.0,2842.0,1.0
114,114.0,1.0,1.0,1.0,1.0,1.0,1.0,1.0,1.0,1.0,1.0,2852.0,0.0
115,115.0,1.0,1.0,1.0,1.0,1.0,1.0,1.0,1.0,1.0,1.0,2888.0,0.0
116,116.0,1.0,1.0,1.0,1.0,1.0,1.0,1.0,1.0,1.0,1.0,2904.0,0.0
117,117.0,1.0,1.0,1.0,1.0,1.0,1.0,1.0,1.0,1.0,1.0,2934.0,1.0
118,118.0,1.0,1.0,1.0,1.0,1.0,1.0,1.0,1.0,1.0,1.0,2957.0,1.0
119,119.0,1.0,1.0,1.0,1.0,1.0,1.0,1.0,1.0,1.0,1.0,2984.0,0.0
120,120.0,1.0,1.0,1.0,1.0,1.0,1.0,1.0,1.0,1.0,1.0,3009.0,1.0
121,121.0,1.0,1.0,1.0,1.0,1.0,1.0,1.0,1.0,1.0,1.0,3028.0,0.0
122,122.0,1.0,1.0,1.0,1.0,1.0,1.0,1.0,1.0,1.0,1.0,3053.0,1.0
123,123.0,1.0,1.0,1.0,1.0,1.0,1.0,1.0,1.0,1.0,1.0,3084.0,0.0
124,124.0,1.0,1.0,1.0,1.0,1.0,1.0,1.0,1.0,1.0,1.0,3102.0,0.0
125,125.0,1.0,1.0,1.0,1.0,1.0,1.0,1.0,1.0,1.0,1.0,3144.0,1.0
126,126.0,1.0,1.0,1.0,1.0,1.0,1.0,1.0,1.0,1.0,1.0,3156.0,1.0
127,127.0,1.0,1.0,1.0,1.0,1.0,1.0,1.0,1.0,1.0,1.0,3199.0,0.0
128,128.0,1.0,1.0,1.0,1.0,1.0,1.0,1.0,1.0,1.0,1.0,3213.0,1.0
129,129.0,1.0,1.0,1.0,1.0,1.0,1.0,1.0,1.0,1.0,1.0,3231.0,1.0
130,130.0,1.0,1.0,1.0,1.0,1.0,1.0,1.0,1.0,1.0,1.0,3255.0,1.0
131,131.0,1.0,1.0,1.0,1.0,1.0,1.0,1.0,1.0,1.0,1.0,3291.0,1.0
132,132.0,1.0,1.0,1.0,1.0,1.0,1.0,1.0,1.0,1.0,1.0,3319.0,0.0
133,133.0,1.0,1.0,1.0,1.0,1.0,1.0,1.0,1.0,1.0,1.0,3335.0,1.0
134,134.0,1.0,1.0,1.0,1.0,1.0,1.0,1.0,1.0,1.0,1.0,3364.0,1.0
135,135.0,1.0,1.0,1.0,1.0,1.0,1.0,1.0,1.0,1.0,1.0,3390.0,0.0
136,136.0,1.0,1.0,1.0,1.0,1.0,1.0,1.0,1.0,1.0,1.0,3408.0,0.0
137,137.0,1.0,1.0,1.0,1.0,1.0,1.0,1.0,1.0,1.0,1.0,3436.0,0.0
138,138.0,1.0,1.0,1.0,1.0,1.0,1.0,1.0,1.0,1.0,1.0,3461.0,0.0
139,139.0,1.0,1.0,1.0,1.0,1.0,1.0,1.0,1.0,1.0,1.0,3477.0,0.0
140,140.0,1.0,1.0,1.0,1.0,1.0,1.0,1.0,1.0,1.0,1.0,3510.0,0.0
141,141.0,1.0,1.0,1.0,1.0,1.0,1.0,1.0,1.0,1.0,1.0,3536.0,0.0
142,142.0,1.0,1.0,1.0,1.0,1.0,1.0,1.0,1.0,1.0,1.0,3556.0,1.0
143,143.0,1.0,1.0,1.0,1.0,1.0,1.0,1.0,1.0,1.0,1.0,3587.0,0.0
144,144.0,1.0,1.0,1.0,1.0,1.0,1.0,1.0,1.0,1.0,1.0,3617.0,1.0
145,145.0,1.0,1.0,1.0,1.0,1.0,1.0,1.0,1.0,1.0,1.0,3631.0,1.0
146,146.0,1.0,1.0,1.0,1.0,1.0,1.0,1.0,1.0,1.0,1.0,3661.0,1.0
147,147.0,1.0,1.0,1.0,1.0,1.0,1.0,1.0,1.0,1.0,1.0,3685.0,0.0
148,148.0,1.0,1.0,1.0,1.0,1.0,1.0,1.0,1.0,1.0,1.0,3706.0,1.0
149,149.0,1.0,1.0,1.0,1.0,1.0,1.0,1.0,1.0,1.0,1.0,3744.0,0.0
150,150.0,1.0,1.0,1.0,1.0,1.0,1.0,1.0,1.0,1.0,1.0,3768.0,1.0
151,151.0,1.0,1.0,1.0,1.0,1.0,1.0,1.0,1.0,1.0,1.0,3789.0,0.0
152,152.0,1.0,1.0,1.0,1.0,1.0,1.0,1.0,1.0,1.0,1.0,3808.0,1.0
153,153.0,1.0,1.0,1.0,1.0,1.0,1.0,1.0,1.0,1.0,1.0,3837.0,0.0
154,154.0,1.0,1.0,1.0,1.0,1.0,1.0,1.0,1.0,1.0,1.0,3863.0,1.0
155,155.0,1.0,1.0,1.0,1.0,1.0,1.0,1.0,1.0,1.0,1.0,3892.0,0.0
156,156.0,1.0,1.0,1.0,1.0,1.0,1.0,1.0,1.0,1.0,1.0,3924.0,0.0
157,157.0,1.0,1.0,1.0,1.0,1.0,1.0,1.0,1.0,1.0,1.0,3936.0,1.0
158,158.0,1.0,1.0,1.0,1.0,1.0,1.0,1.0,1.0,1.0,1.0,3959.0,0.0
159,159.0,1.0,1.0,1.0,1.0,1.0,1.0,1.0,1.0,1.0,1.0,3978.0,1.0
160,160.0,1.0,1.0,1.0,1.0,1.0,1.0,1.0,1.0,1.0,1.0,4013.0,1.0
161,161.0,1.0,1.0,1.0,1.0,1.0,1.0,1.0,1.0,1.0,1.0,4032.0,1.0
162,162.0,1.0,1.0,1.0,1.0,1.0,1.0,1.0,1.0,1.0,1.0,4055.0,1.0
163,163.0,1.0,1.0,1.0,1.0,1.0,1.0,1.0,1.0,1.0,1.0,4088.0,1.0
164,164.0,1.0,1.0,1.0,1.0,1.0,1.0,1.0,1.0,1.0,1.0,4122.0,1.0
165,165.0,1.0,1.0,1.0,1.0,1.0,1.0,1.0,1.0,1.0,1.0,4137.0,1.0
166,166.0,1.0,1.0,1.0,1.0,1.0,1.0,1.0,1.0,1.0,1.0,4169.0,0.0
167,167.0,1.0,1.0,1.0,1.0,1.0,1.0,1.0,1.0,1.0,1.0,4182.0,1.0
168,168.0,1.0,1.0,1.0,1.0,1.0,1.0,1.0,1.0,1.0,1.0,4203.0,0.0
169,169.0,1.0,1.0,1.0,1.0,1.0,1.0,1.0,1.0,1.0,1.0,4237.0,0.0
170,170.0,1.0,1.0,1.0,1.0,1.0,1.0,1.0,1.0,1.0,1.0,4268.0,0.0
171,171.0,1.0,1.0,1.0,1.0,1.0,1.0,1.0,1.0,1.0,1.0,4288.0,0.0
172,172.0,1.0,1.0,1.0,1.0,1.0,1.0,1.0,1.0,1.0,1.0,4306.0,0.0
173,173.0,1.0,1.0,1.0,1.0,1.0,1.0,1.0,1.0,1.0,1.0,4334.0,1.0
174,174.0,1.0,1.0,1.0,1.0,1.0,1.0,1.0,1.0,1.0,1.0,4371.0,0.0
175,175.0,1.0,1.0,1.0,1.0,1.0,1.0,1.0,1.0,1.0,1.0,4382.0,0.0
176,176.0,1.0,1.0,1.0,1.0,1.0,1.0,1.0,1.0,1.0,1.0,4424.0,0.0
177,177.0,1.0,1.0,1.0,1.0,1.0,1.0,1.0,1.0,1.0,1.0,4446.0,0.0
178,178.0,1.0,1.0,1.0,1.0,1.0,1.0,1.0,1.0,1.0,1.0,4451.0,1.0
179,179.0,1.0,1.0,1.0,1.0,1.0,1.0,1.0,1.0,1.0,1.0,4497.0,1.0
180,180.0,1.0,1.0,1.0,1.0,1.0,1.0,1.0,1.0,1.0,1.0,4504.0,0.0
181,181.0,1.0,1.0,1.0,1.0,1.0,1.0,1.0,1.0,1.0,1.0,4532.0,0.0
182,182.0,1.0,1.0,1.0,1.0,1.0,1.0,1.0,1.0,1.0,1.0,4565.0,0.0
183,183.0,1.0,1.0,1.0,1.0,1.0,1.0,1.0,1.0,1.0,1.0,4592.0,1.0
184,184.0,1.0,1.0,1.0,1.0,1.0,1.0,1.0,1.0,1.0,1.0,4607.0,1.0
185,185.0,1.0,1.0,1.0,1.0,1.0,1.0,1.0,1.0,1.0,1.0,4631.0,0.0
186,186.0,1.0,1.0,1.0,1.0,1.0,1.0,1.0,1.0,1.0,1.0,4659.0,0.0
187,187.0,1.0,1.0,1.0,1.0,1.0,1.0,1.0,1.0,1.0,1.0,4685.0,0.0
188,188.0,1.0,1.0,1.0,1.0,1.0,1.0,1.0,1.0,1.0,1.0,4706.0,1.0
189,189.0,1.0,1.0,1.0,1.0,1.0,1.0,1.0,1.0,1.0,1.0,4737.0,1.0
190,190.0,1.0,1.0,1.0,1.0,1.0,1.0,1.0,1.0,1.0,1.0,4769.0,1.0
191,191.0,1.0,1.0,1.0,1.0,1.0,1.0,1.0,1.0,1.0,1.0,4785.0,0.0
192,192.0,1.0,1.0,1.0,1.0,1.0,1.0,1.0,1.0,1.0,1.0,4809.0,1.0
193,193.0,1.0,1.0,1.0,1.0,1.0,1.0,1.0,1.0,1.0,1.0,4834.0,0.0
194,194.0,1.0,1.0,1.0,1.0,1.0,1.0,1.0,1.0,1.0,1.0,4865.0,0.0
195,195.0,1.0,1.0,1.0,1.0,1.0,1.0,1.0,1.0,1.0,1.0,4896.0,0.0
196,196.0,1.0,1.0,1.0,1.0,1.0,1.0,1.0,1.0,1.0,1.0,4917.0,0.0
197,197.0,1.0,1.0,1.0,1.0,1.0,1.0,1.0,1.0,1.0,1.0,4936.0,0.0
198,198.0,1.0,1.0,1.0,1.0,1.0,1.0,1.0,1.0,1.0,1.0,4959.0,1.0
199,199.0,1.0,1.0,1.0,1.0,1.0,1.0,1.0,1.0,1.0,1.0,4982.0,0.0
200,200.0,1.0,1.0,1.0,1.0,1.0,1.0,1.0,1.0,1.0,1.0,5007.0,0.0
201,201.0,1.0,1.0,1.0,1.0,1.0,1.0,1.0,1.0,1.0,1.0,5040.0,1.0
202,202.0,1.0,1.0,1.0,1.0,1.0,1.0,1.0,1.0,1.0,1.0,5053.0,1.0
203,203.0,1.0,1.0,1.0,1.0,1.0,1.0,1.0,1.0,1.0,1.0,5077.0,1.0
204,204.0,1.0,1.0,1.0,1.0,1.0,1.0,1.0,1.0,1.0,1.0,5103.0,1.0
205,205.0,1.0,1.0,1.0,1.0,1.0,1.0,1.0,1.0,1.0,1.0,5130.0,1.0
206,206.0,1.0,1.0,1.0,1.0,1.0,1.0,1.0,1.0,1.0,1.0,5155.0,0.0
207,207.0,1.0,1.0,1.0,1.0,1.0,1.0,1.0,1.0,1.0,1.0,5189.0,1.0
208,208.0,1.0,1.0,1.0,1.0,1.0,1.0,1.0,1.0,1.0,1.0,5205.0,0.0
209,209.0,1.0,1.0,1.0,1.0,1.0,1.0,1.0,1.0,1.0,1.0,5240.0,1.0
210,210.0,1.0,1.0,1.0,1.0,1.0,1.0,1.0,1.0,1.0,1.0,5269.0,0.0
211,211.0,1.0,1.0,1.0,1.0,1.0,1.0,1.0,1.0,1.0,1.0,5294.0,0.0
212,212.0,1.0,1.0,1.0,1.0,1.0,1.0,1.0,1.0,1.0,1.0,5301.0,1.0
213,213.0,1.0,1.0,1.0,1.0,1.0,1.0,1.0,1.0,1.0,1.0,5344.0,1.0
214,214.0,1.0,1.0,1.0,1.0,1.0,1.0,1.0,1.0,1.0,1.0,5357.0,1.0
215,215.0,1.0,1.0,1.0,1.0,1.0,1.0,1.0,1.0,1.0,1.0,5384.0,0.0
216,216.0,1.0,1.0,1.0,1.0,1.0,1.0,1.0,1.0,1.0,1.0,5413.0,1.0
217,217.0,1.0,1.0,1.0,1.0,1.0,1.0,1.0,1.0,1.0,1.0,5446.0,0.0
218,218.0,1.0,1.0,1.0,1.0,1.0,1.0,1.0,1.0,1.0,1.0,5461.0,1.0
219,219.0,1.0,1.0,1.0,1.0,1.0,1.0,1.0,1.0,1.0,1.0,5479.0,1.0
220,220.0,1.0,1.0,1.0,1.0,1.0,1.0,1.0,1.0,1.0,1.0,5505.0,0.0
221,221.0,1.0,1.0,1.0,1.0,1.0,1.0,1.0,1.0,1.0,1.0,5525.0,1.0
222,222.0,1.0,1.0,1.0,1.0,1.0,1.0,1.0,1.0,1.0,1.0,5569.0,1.0
223,223.0,1.0,1.0,1.0,1.0,1.0,1.0,1.0,1.0,1.0,1.0,5586.0,0.0
224,224.0,1.0,1.0,1.0,1.0,1.0,1.0,1.0,1.0,1.0,1.0,5610.0,1.0
225,225.0,1.0,1.0,1.0,1.0,1.0,1.0,1.0,1.0,1.0,1.0,5634.0,0.0
226,226.0,1.0,1.0,1.0,1.0,1.0,1.0,1.0,1.0,1.0,1.0,5661.0,1.0
227,227.0,1.0,1.0,1.0,1.0,1.0,1.0,1.0,1.0,1.0,1.0,5688.0,0.0
228,228.0,1.0,1.0,1.0,1.0,1.0,1.0,1.0,1.0,1.0,1.0,5709.0,1.0
229,229.0,1.0,1.0,1.0,1.0,1.0,1.0,1.0,1.0,1.0,1.0,5737.0,1.0
230,230.0,1.0,1.0,1.0,1.0,1.0,1.0,1.0,1.0,1.0,1.0,5774.0,0.0
231,231.0,1.0,1.0,1.0,1.0,1.0,1.0,1.0,1.0,1.0,1.0,5779.0,1.0
232,232.0,1.0,1.0,1.0,1.0,1.0,1.0,1.0,1.0,1.0,1.0,5811.0,0.0
233,233.0,1.0,1.0,1.0,1.0,1.0,1.0,1.0,1.0,1.0,1.0,5840.0,1.0
234,234.0,1.0,1.0,1.0,1.0,1.0,1.0,1.0,1.0,1.0,1.0,5853.0,0.0
235,235.0,1.0,1.0,1.0,1.0,1.0,1.0,1.0,1.0,1.0,1.0,5896.0,0.0
236,236.0,1.0,1.0,1.0,1.0,1.0,1.0,1.0,1.0,1.0,1.0,5907.0,0.0
237,237.0,1.0,1.0,1.0,1.0,1.0,1.0,1.0,1.0,1.0,1.0,5933.0,1.0
238,238.0,1.0,1.0,1.0,1.0,1.0,1.0,1.0,1.0,1.0,1.0,5962.0,0.0
239,239.0,1.0,1.0,1.0,1.0,1.0,1.0,1.0,1.0,1.0,1.0,5982.0,0.0
240,240.0,1.0,1.0,1.0,1.0,1.0,1.0,1.0,1.0,1.0,1.0,6015.0,0.0
241,241.0,1.0,1.0,1.0,1.0,1.0,1.0,1.0,1.0,1.0,1.0,6041.0,0.0
242,242.0,1.0,1.0,1.0,1.0,1.0,1.0,1.0,1.0,1.0,1.0,6065.0,1.0
243,243.0,1.0,1.0,1.0,1.0,1.0,1.0,1.0,1.0,1.0,1.0,6077.0,1.0
244,244.0,1.0,1.0,1.0,1.0,1.0,1.0,1.0,1.0,1.0,1.0,6116.0,0.0
245,245.0,1.0,1.0,1.0,1.0,1.0,1.0,1.0,1.0,1.0,1.0,6149.0,0.0
246,246.0,1.0,1.0,1.0,1.0,1.0,1.0,1.0,1.0,1.0,1.0,6158.0,0.0
247,247.0,1.0,1.0,1.0,1.0,1.0,1.0,1.0,1.0,1.0,1.0,6187.0,0.0
248,248.0,1.0,1.0,1.0,1.0,1.0,1.0,1.0,1.0,1.0,1.0,6202.0,0.0
249,249.0,1.0,1.0,1.0,1.0,1.0,1.0,1.0,1.0,1.0,1.0,6238.0,0.0
250,250.0,1.0,1.0,1.0,1.0,1.0,1.0,1.0,1.0,1.0,1.0,6274.0,0.0
251,251.0,1.0,1.0,1.0,1.0,1.0,1.0,1.0,1.0,1.0,1.0,6293.0,1.0
252,252.0,1.0,1.0,1.0,1.0,1.0,1.0,1.0,1.0,1.0,1.0,6315.0,1.0
253,253.0,1.0,1.0,1.0,1.0,1.0,1.0,1.0,1.0,1.0,1.0,6341.0,1.0
254,254.0,1.0,1.0,1.0,1.0,1.0,1.0,1.0,1.0,1.0,1.0,6371.0,0.0
255,255.0,1.0,1.0,1.0,1.0,1.0,1.0,1.0,1.0,1.0,1.0,6383.0,0.0
256,256.0,1.0,1.0,1.0,1.0,1.0,1.0,1.0,1.0,1.0,1.0,6405.0,1.0
257,257.0,1.0,1.0,1.0,1.0,1.0,1.0,1.0,1.0,1.0,1.0,6430.0,1.0
258,258.0,1.0,1.0,1.0,1.0,1.0,1.0,1.0,1.0,1.0,1.0,6456.0,1.0
259,259.0,1.0,1.0,1.0,1.0,1.0,1.0,1.0,1.0,1.0,1.0,6479.0,0.0
260,260.0,1.0,1.0,1.0,1.0,1.0,1.0,1.0,1.0,1.0,1.0,6517.0,1.0
261,261.0,1.0,1.0,1.0,1.0,1.0,1.0,1.0,1.0,1.0,1.0,6544.0,0.0
262,262.0,1.0,1.0,1.0,1.0,1.0,1.0,1.0,1.0,1.0,1.0,6571.0,0.0
263,263.0,1.0,1.0,1.0,1.0,1.0,1.0,1.0,1.0,1.0,1.0,6599.0,0.0
264,264.0,1.0,1.0,1.0,1.0,1.0,1.0,1.0,1.0,1.0,1.0,6624.0,0.0
265,265.0,1.0,1.0,1.0,1.0,1.0,1.0,1.0,1.0,1.0,1.0,6630.0,1.0
266,266.0,1.0,1.0,1.0,1.0,1.0,1.0,1.0,1.0,1.0,1.0,6654.0,1.0
267,267.0,1.0,1.0,1.0,1.0,1.0,1.0,1.0,1.0,1.0,1.0,6690.0,0.0
268,268.0,1.0,1.0,1.0,1.0,1.0,1.0,1.0,1.0,1.0,1.0,6706.0,1.0
269,269.0,1.0,1.0,1.0,1.0,1.0,1.0,1.0,1.0,1.0,1.0,6728.0,0.0
270,270.0,1.0,1.0,1.0,1.0,1.0,1.0,1.0,1.0,1.0,1.0,6768.0,0.0
271,271.0,1.0,1.0,1.0,1.0,1.0,1.0,1.0,1.0,1.0,1.0,6781.0,0.0
272,272.0,1.0,1.0,1.0,1.0,1.0,1.0,1.0,1.0,1.0,1.0,6819.0,1.0
273,273.0,1.0,1.0,1.0,1.0,1.0,1.0,1.0,1.0,1.0,1.0,6844.0,0.0
274,274.0,1.0,1.0,1.0,1.0,1.0,1.0,1.0,1.0,1.0,1.0,6867.0,1.0
275,275.0,1.0,1.0,1.0,1.0,1.0,1.0,1.0,1.0,1.0,1.0,6888.0,0.0
276,276.0,1.0,1.0,1.0,1.0,1.0,1.0,1.0,1.0,1.0,1.0,6905.0,0.0
277,277.0,1.0,1.0,1.0,1.0,1.0,1.0,1.0,1.0,1.0,1.0,6927.0,1.0
278,278.0,1.0,1.0,1.0,1.0,1.0,1.0,1.0,1.0,1.0,1.0,6957.0,0.0
279,279.0,1.0,1.0,1.0,1.0,1.0,1.0,1.0,1.0,1.0,1.0,6977.0,1.0
280,280.0,1.0,1.0,1.0,1.0,1.0,1.0,1.0,1.0,1.0,1.0,7000.0,1.0
281,281.0,1.0,1.0,1.0,1.0,1.0,1.0,1.0,1.0,1.0,1.0,7044.0,1.0
282,282.0,1.0,1.0,1.0,1.0,1.0,1.0,1.0,1.0,1.0,1.0,7071.0,0.0
283,283.0,1.0,1.0,1.0,1.0,1.0,1.0,1.0,1.0,1.0,1.0,7084.0,0.0
284,284.0,1.0,1.0,1.0,1.0,1.0,1.0,1.0,1.0,1.0,1.0,7119.0,0.0
285,285.0,1.0,1.0,1.0,1.0,1.0,1.0,1.0,1.0,1.0,1.0,7139.0,1.0
286,286.0,1.0,1.0,1.0,1.0,1.0,1.0,1.0,1.0,1.0,1.0,7169.0,0.0
287,287.0,1.0,1.0,1.0,1.0,1.0,1.0,1.0,1.0,1.0,1.0,7192.0,0.0
288,288.0,1.0,1.0,1.0,1.0,1.0,1.0,1.0,1.0,1.0,1.0,7200.0,0.0
289,289.0,1.0,1.0,1.0,1.0,1.0,1.0,1.0,1.0,1.0,1.0,7240.0,1.0
290,290.0,1.0,1.0,1.0,1.0,1.0,1.0,1.0,1.0,1.0,1.0,7268.0,1.0
291,291.0,1.0,1.0,1.0,1.0,1.0,1.0,1.0,1.0,1.0,1.0,7282.0,1.0
292,292.0,1.0,1.0,1.0,1.0,1.0,1.0,1.0,1.0,1.0,1.0,7318.0,1.0
293,293.0,1.0,1.0,1.0,1.0,1.0,1.0,1.0,1.0,1.0,1.0,7331.0,0.0
294,294.0,1.0,1.0,1.0,1.0,1.0,1.0,1.0,1.0,1.0,1.0,7357.0,0.0
295,295.0,1.0,1.0,1.0,1.0,1.0,1.0,1.0,1.0,1.0,1.0,7382.0,0.0
296,296.0,1.0,1.0,1.0,1.0,1.0,1.0,1.0,1.0,1.0,1.0,7419.0,1.0
297,297.0,1.0,1.0,1.0,1.0,1.0,1.0,1.0,1.0,1.0,1.0,7440.0,0.0
298,298.0,1.0,1.0,1.0,1.0,1.0,1.0,1.0,1.0,1.0,1.0,7455.0,0.0
299,299.0,1.0,1.0,1.0,1.0,1.0,1.0,1.0,1.0,1.0,1.0,7487.0,0.0
300,300.0,1.0,1.0,1.0,1.0,1.0,1.0,1.0,1.0,1.0,1.0,7502.0,1.0
301,301.0,1.0,1.0,1.0,1.0,1.0,1.0,1.0,1.0,1.0,1.0,7546.0,0.0
302,302.0,1.0,1.0,1.0,1.0,1.0,1.0,1.0,1.0,1.0,1.0,7558.0,0.0
303,303.0,1.0,1.0,1.0,1.0,1.0,1.0,1.0,1.0,1.0,1.0,7577.0,0.0
304,304.0,1.0,1.0,1.0,1.0,1.0,1.0,1.0,1.0,1.0,1.0,7614.0,1.0
305,305.0,1.0,1.0,1.0,1.0,1.0,1.0,1.0,1.0,1.0,1.0,7641.0,1.0
306,306.0,1.0,1.0,1.0,1.0,1.0,1.0,1.0,1.0,1.0,1.0,7661.0,0.0
307,307.0,1.0,1.0,1.0,1.0,1.0,1.0,1.0,1.0,1.0,1.0,7685.0,1.0
308,308.0,1.0,1.0,1.0,1.0,1.0,1.0,1.0,1.0,1.0,1.0,7702.0,1.0
309,309.0,1.0,1.0,1.0,1.0,1.0,1.0,1.0,1.0,1.0,1.0,7730.0,1.0
310,310.0,1.0,1.0,1.0,1.0,1.0,1.0,1.0,1.0,1.0,1.0,7759.0,1.0
311,311.0,1.0,1.0,1.0,1.0,1.0,1.0,1.0,1.0,1.0,1.0,7780.0,1.0
312,312.0,1.0,1.0,1.0,1.0,1.0,1.0,1.0,1.0,1.0,1.0,7812.0,1.0
313,313.0,1.0,1.0,1.0,1.0,1.0,1.0,1.0,1.0,1.0,1.0,7829.0,1.0
314,314.0,1.0,1.0,1.0,1.0,1.0,1.0,1.0,1.0,1.0,1.0,7856.0,0.0
315,315.0,1.0,1.0,1.0,1.0,1.0,1.0,1.0,1.0,1.0,1.0,7899.0,0.0
316,316.0,1.0,1.0,1.0,1.0,1.0,1.0,1.0,1.0,1.0,1.0,7913.0,0.0
317,317.0,1.0,1.0,1.0,1.0,1.0,1.0,1.0,1.0,1.0,1.0,7936.0,0.0
318,318.0,1.0,1.0,1.0,1.0,1.0,1.0,1.0,1.0,1.0,1.0,7951.0,1.0
319,319.0,1.0,1.0,1.0,1.0,1.0,1.0,1.0,1.0,1.0,1.0,7987.0,0.0
320,320.0,1.0,1.0,1.0,1.0,1.0,1.0,1.0,1.0,1.0,1.0,8004.0,0.0
321,321.0,1.0,1.0,1.0,1.0,1.0,1.0,1.0,1.0,1.0,1.0,8029.0,0.0
322,322.0,1.0,1.0,1.0,1.0,1.0,1.0,1.0,1.0,1.0,1.0,8059.0,0.0
323,323.0,1.0,1.0,1.0,1.0,1.0,1.0,1.0,1.0,1.0,1.0,8081.0,1.0
324,324.0,1.0,1.0,1.0,1.0,1.0,1.0,1.0,1.0,1.0,1.0,8119.0,1.0
325,325.0,1.0,1.0,1.0,1.0,1.0,1.0,1.0,1.0,1.0,1.0,8134.0,1.0
326,326.0,1.0,1.0,1.0,1.0,1.0,1.0,1.0,1.0,1.0,1.0,8154.0,0.0
327,327.0,1.0,1.0,1.0,1.0,1.0,1.0,1.0,1.0,1.0,1.0,8192.0,0.0
328,328.0,1.0,1.0,1.0,1.0,1.0,1.0,1.0,1.0,1.0,1.0,8204.0,1.0
329,329.0,1.0,1.0,1.0,1.0,1.0,1.0,1.0,1.0,1.0,1.0,8229.0,0.0
330,330.0,1.0,1.0,1.0,1.0,1.0,1.0,1.0,1.0,1.0,1.0,8258.0,1.0
331,331.0,1.0,1.0,1.0,1.0,1.0,1.0,1.0,1.0,1.0,1.0,8282.0,0.0
332,332.0,1.0,1.0,1.0,1.0,1.0,1.0,1.0,1.0,1.0,1.0,8308.0,1.0
333,333.0,1.0,1.0,1.0,1.0,1.0,1.0,1.0,1.0,1.0,1.0,8333.0,1.0
334,334.0,1.0,1.0,1.0,1.0,1.0,1.0,1.0,1.0,1.0,1.0,8357.0,0.0
335,335.0,1.0,1.0,1.0,1.0,1.0,1.0,1.0,1.0,1.0,1.0,8375.0,0.0
336,336.0,1.0,1.0,1.0,1.0,1.0,1.0,1.0,1.0,1.0,1.0,8406.0,1.0
337,337.0,1.0,1.0,1.0,1.0,1.0,1.0,1.0,1.0,1.0,1.0,8432.0,0.0
338,338.0,1.0,1.0,1.0,1.0,1.0,1.0,1.0,1.0,1.0,1.0,8466.0,1.0
339,339.0,1.0,1.0,1.0,1.0,1.0,1.0,1.0,1.0,1.0,1.0,8487.0,1.0
340,340.0,1.0,1.0,1.0,1.0,1.0,1.0,1.0,1.0,1.0,1.0,8519.0,0.0
341,341.0,1.0,1.0,1.0,1.0,1.0,1.0,1.0,1.0,1.0,1.0,8535.0,0.0
342,342.0,1.0,1.0,1.0,1.0,1.0,1.0,1.0,1.0,1.0,1.0,8574.0,0.0
343,343.0,1.0,1.0,1.0,1.0,1.0,1.0,1.0,1.0,1.0,1.0,8596.0,0.0
344,344.0,1.0,1.0,1.0,1.0,1.0,1.0,1.0,1.0,1.0,1.0,8612.0,0.0
345,345.0,1.0,1.0,1.0,1.0,1.0,1.0,1.0,1.0,1.0,1.0,8629.0,0.0
346,346.0,1.0,1.0,1.0,1.0,1.0,1.0,1.0,1.0,1.0,1.0,8654.0,1.0
347,347.0,1.0,1.0,1.0,1.0,1.0,1.0,1.0,1.0,1.0,1.0,8684.0,1.0
348,348.0,1.0,1.0,1.0,1.0,1.0,1.0,1.0,1.0,1.0,1.0,8711.0,0.0
349,349.0,1.0,1.0,1.0,1.0,1.0,1.0,1.0,1.0,1.0,1.0,8740.0,1.0
350,350.0,1.0,1.0,1.0,1.0,1.0,1.0,1.0,1.0,1.0,1.0,8774.0,0.0
351,351.0,1.0,1.0,1.0,1.0,1.0,1.0,1.0,1.0,1.0,1.0,8781.0,0.0
352,352.0,1.0,1.0,1.0,1.0,1.0,1.0,1.0,1.0,1.0,1.0,8807.0,1.0
353,353.0,1.0,1.0,1.0,1.0,1.0,1.0,1.0,1.0,1.0,1.0,8839.0,0.0
354,354.0,1.0,1.0,1.0,1.0,1.0,1.0,1.0,1.0,1.0,1.0,8851.0,0.0
355,355.0,1.0,1.0,1.0,1.0,1.0,1.0,1.0,1.0,1.0,1.0,8894.0,0.0
356,356.0,1.0,1.0,1.0,1.0,1.0,1.0,1.0,1.0,1.0,1.0,8914.0,0.0
357,357.0,1.0,1.0,1.0,1.0,1.0,1.0,1.0,1.0,1.0,1.0,8949.0,0.0
358,358.0,1.0,1.0,1.0,1.0,1.0,1.0,1.0,1.0,1.0,1.0,8961.0,0.0
359,359.0,1.0,1.0,1.0,1.0,1.0,1.0,1.0,1.0,1.0,1.0,8994.0,0.0
360,360.0,1.0,1.0,1.0,1.0,1.0,1.0,1.0,1.0,1.0,1.0,9002.0,0.0
361,361.0,1.0,1.0,1.0,1.0,1.0,1.0,1.0,1.0,1.0,1.0,9030.0,1.0
362,362.0,1.0,1.0,1.0,1.0,1.0,1.0,1.0,1.0,1.0,1.0,9064.0,0.0
363,363.0,1.0,1.0,1.0,1.0,1.0,1.0,1.0,1.0,1.0,1.0,9080.0,0.0
364,364.0,1.0,1.0,1.0,1.0,1.0,1.0,1.0,1.0,1.0,1.0,9107.0,0.0
365,365.0,1.0,1.0,1.0,1.0,1.0,1.0,1.0,1.0,1.0,1.0,9128.0,0.0
366,366.0,1.0,1.0,1.0,1.0,1.0,1.0,1.0,1.0,1.0,1.0,9166.0,1.0
367,367.0,1.0,1.0,1.0,1.0,1.0,1.0,1.0,1.0,1.0,1.0,9196.0,0.0
368,368.0,1.0,1.0,1.0,1.0,1.0,1.0,1.0,1.0,1.0,1.0,9218.0,0.0
369,369.0,1.0,1.0,1.0,1.0,1.0,1.0,1.0,1.0,1.0,1.0,9233.0,1.0
370,370.0,1.0,1.0,1.0,1.0,1.0,1.0,1.0,1.0,1.0,1.0,9253.0,0.0
371,371.0,1.0,1.0,1.0,1.0,1.0,1.0,1.0,1.0,1.0,1.0,9284.0,1.0
372,372.0,1.0,1.0,1.0,1.0,1.0,1.0,1.0,1.0,1.0,1.0,9303.0,0.0
373,373.0,1.0,1.0,1.0,1.0,1.0,1.0,1.0,1.0,1.0,1.0,9332.0,0.0
374,374.0,1.0,1.0,1.0,1.0,1.0,1.0,1.0,1.0,1.0,1.0,9359.0,0.0
375,375.0,1.0,1.0,1.0,1.0,1.0,1.0,1.0,1.0,1.0,1.0,9385.0,1.0
376,376.0,1.0,1.0,1.0,1.0,1.0,1.0,1.0,1.0,1.0,1.0,9412.0,0.0
377,377.0,1.0,1.0,1.0,1.0,1.0,1.0,1.0,1.0,1.0,1.0,9427.0,0.0
378,378.0,1.0,1.0,1.0,1.0,1.0,1.0,1.0,1.0,1.0,1.0,9466.0,1.0
379,379.0,1.0,1.0,1.0,1.0,1.0,1.0,1.0,1.0,1.0,1.0,9477.0,1.0
380,380.0,1.0,1.0,1.0,1.0,1.0,1.0,1.0,1.0,1.0,1.0,9502.0,0.0
381,381.0,1.0,1.0,1.0,1.0,1.0,1.0,1.0,1.0,1.0,1.0,9540.0,0.0
382,382.0,1.0,1.0,1.0,1.0,1.0,1.0,1.0,1.0,1.0,1.0,9555.0,1.0
383,383.0,1.0,1.0,1.0,1.0,1.0,1.0,1.0,1.0,1.0,1.0,9596.0,0.0
384,384.0,1.0,1.0,1.0,1.0,1.0,1.0,1.0,1.0,1.0,1.0,9609.0,0.0
385,385.0,1.0,1.0,1.0,1.0,1.0,1.0,1.0,1.0,1.0,1.0,9640.0,1.0
386,386.0,1.0,1.0,1.0,1.0,1.0,1.0,1.0,1.0,1.0,1.0,9658.0,1.0
387,387.0,1.0,1.0,1.0,1.0,1.0,1.0,1.0,1.0,1.0,1.0,9686.0,0.0
388,388.0,1.0,1.0,1.0,1.0,1.0,1.0,1.0,1.0,1.0,1.0,9716.0,1.0
389,389.0,1.0,1.0,1.0,1.0,1.0,1.0,1.0,1.0,1.0,1.0,9742.0,1.0
390,390.0,1.0,1.0,1.0,1.0,1.0,1.0,1.0,1.0,1.0,1.0,9751.0,0.0
391,391.0,1.0,1.0,1.0,1.0,1.0,1.0,1.0,1.0,1.0,1.0,9785.0,0.0
392,392.0,1.0,1.0,1.0,1.0,1.0,1.0,1.0,1.0,1.0,1.0,9800.0,1.0
393,393.0,1.0,1.0,1.0,1.0,1.0,1.0,1.0,1.0,1.0,1.0,9836.0,0.0
394,394.0,1.0,1.0,1.0,1.0,1.0,1.0,1.0,1.0,1.0,1.0,9865.0,1.0
395,395.0,1.0,1.0,1.0,1.0,1.0,1.0,1.0,1.0,1.0,1.0,9886.0,0.0
396,396.0,1.0,1.0,1.0,1.0,1.0,1.0,1.0,1.0,1.0,1.0,9913.0,0.0
397,397.0,1.0,1.0,1.0,1.0,1.0,1.0,1.0,1.0,1.0,1.0,9939.0,0.0
398,398.0,1.0,1.0,1.0,1.0,1.0,1.0,1.0,1.0,1.0,1.0,9956.0,1.0
399,399.0,1.0,1.0,1.0,1.0,1.0,1.0,1.0,1.0,1.0,1.0,9992.0,1.0
400,400.0,1.0,1.0,1.0,1.0,1.0,1.0,1.0,1.0,1.0,1.0,10014.0,0.0
401,401.0,1.0,1.0,1.0,1.0,1.0,1.0,1.0,1.0,1.0,1.0,10038.0,0.0
402,402.0,1.0,1.0,1.0,1.0,1.0,1.0,1.0,1.0,1.0,1.0,10068.0,1.0
403,403.0,1.0,1.0,1.0,1.0,1.0,1.0,1.0,1.0,1.0,1.0,10085.0,1.0
404,404.0,1.0,1.0,1.0,1.0,1.0,1.0,1.0,1.0,1.0,1.0,10116.0,1.0
405,405.0,1.0,1.0,1.0,1.0,1.0,1.0,1.0,1.0,1.0,1.0,10139.0,1.0
406,406.0,1.0,1.0,1.0,1.0,1.0,1.0,1.0,1.0,1.0,1.0,10155.0,1.0
407,407.0,1.0,1.0,1.0,1.0,1.0,1.0,1.0,1.0,1.0,1.0,10193.0,0.0
408,408.0,1.0,1.0,1.0,1.0,1.0,1.0,1.0,1.0,1.0,1.0,10218.0,0.0
409,409.0,1.0,1.0,1.0,1.0,1.0,1.0,1.0,1.0,1.0,1.0,10231.0,1.0
410,410.0,1.0,1.0,1.0,1.0,1.0,1.0,1.0,1.0,1.0,1.0,10257.0,1.0
411,411.0,1.0,1.0,1.0,1.0,1.0,1.0,1.0,1.0,1.0,1.0,10285.0,1.0
412,412.0,1.0,1.0,1.0,1.0,1.0,1.0,1.0,1.0,1.0,1.0,10315.0,1.0
413,413.0,1.0,1.0,1.0,1.0,1.0,1.0,1.0,1.0,1.0,1.0,10349.0,0.0
414,414.0,1.0,1.0,1.0,1.0,1.0,1.0,1.0,1.0,1.0,1.0,10357.0,1.0
415,415.0,1.0,1.0,1.0,1.0,1.0,1.0,1.0,1.0,1.0,1.0,10389.0,1.0
416,416.0,1.0,1.0,1.0,1.0,1.0,1.0,1.0,1.0,1.0,1.0,10401.0,1.0
417,417.0,1.0,1.0,1.0,1.0,1.0,1.0,1.0,1.0,1.0,1.0,10431.0,1.0
418,418.0,1.0,1.0,1.0,1.0,1.0,1.0,1.0,1.0,1.0,1.0,10453.0,1.0
419,419.0,1.0,1.0,1.0,1.0,1.0,1.0,1.0,1.0,1.0,1.0,10475.0,0.0
420,420.0,1.0,1.0,1.0,1.0,1.0,1.0,1.0,1.0,1.0,1.0,10524.0,0.0
421,421.0,1.0,1.0,1.0,1.0,1.0,1.0,1.0,1.0,1.0,1.0,10526.0,1.0
422,422.0,1.0,1.0,1.0,1.0,1.0,1.0,1.0,1.0,1.0,1.0,10574.0,0.0
423,423.0,1.0,1.0,1.0,1.0,1.0,1.0,1.0,1.0,1.0,1.0,10582.0,1.0
424,424.0,1.0,1.0,1.0,1.0,1.0,1.0,1.0,1.0,1.0,1.0,10611.0,0.0
425,425.0,1.0,1.0,1.0,1.0,1.0,1.0,1.0,1.0,1.0,1.0,10632.0,0.0
426,426.0,1.0,1.0,1.0,1.0,1.0,1.0,1.0,1.0,1.0,1.0,10674.0,0.0
427,427.0,1.0,1.0,1.0,1.0,1.0,1.0,1.0,1.0,1.0,1.0,10691.0,0.0
428,428.0,1.0,1.0,1.0,1.0,1.0,1.0,1.0,1.0,1.0,1.0,10718.0,1.0
429,429.0,1.0,1.0,1.0,1.0,1.0,1.0,1.0,1.0,1.0,1.0,10729.0,0.0
430,430.0,1.0,1.0,1.0,1.0,1.0,1.0,1.0,1.0,1.0,1.0,10769.0,0.0
431,431.0,1.0,1.0,1.0,1.0,1.0,1.0,1.0,1.0,1.0,1.0,10792.0,0.0
432,432.0,1.0,1.0,1.0,1.0,1.0,1.0,1.0,1.0,1.0,1.0,10824.0,0.0
433,433.0,1.0,1.0,1.0,1.0,1.0,1.0,1.0,1.0,1.0,1.0,10829.0,0.0
434,434.0,1.0,1.0,1.0,1.0,1.0,1.0,1.0,1.0,1.0,1.0,10868.0,0.0
435,435.0,1.0,1.0,1.0,1.0,1.0,1.0,1.0,1.0,1.0,1.0,10891.0,0.0
436,436.0,1.0,1.0,1.0,1.0,1.0,1.0,1.0,1.0,1.0,1.0,10911.0,0.0
437,437.0,1.0,1.0,1.0,1.0,1.0,1.0,1.0,1.0,1.0,1.0,10936.0,0.0
438,438.0,1.0,1.0,1.0,1.0,1.0,1.0,1.0,1.0,1.0,1.0,10954.0,1.0
439,439.0,1.0,1.0,1.0,1.0,1.0,1.0,1.0,1.0,1.0,1.0,10997.0,1.0
440,440.0,1.0,1.0,1.0,1.0,1.0,1.0,1.0,1.0,1.0,1.0,11015.0,0.0
441,441.0,1.0,1.0,1.0,1.0,1.0,1.0,1.0,1.0,1.0,1.0,11030.0,1.0
442,442.0,1.0,1.0,1.0,1.0,1.0,1.0,1.0,1.0,1.0,1.0,11063.0,1.0
443,443.0,1.0,1.0,1.0,1.0,1.0,1.0,1.0,1.0,1.0,1.0,11080.0,1.0
444,444.0,1.0,1.0,1.0,1.0,1.0,1.0,1.0,1.0,1.0,1.0,11114.0,1.0
445,445.0,1.0,1.0,1.0,1.0,1.0,1.0,1.0,1.0,1.0,1.0,11133.0,1.0
446,446.0,1.0,1.0,1.0,1.0,1.0,1.0,1.0,1.0,1.0,1.0,11166.0,1.0
447,447.0,1.0,1.0,1.0,1.0,1.0,1.0,1.0,1.0,1.0,1.0,11181.0,0.0
448,448.0,1.0,1.0,1.0,1.0,1.0,1.0,1.0,1.0,1.0,1.0,11200.0,1.0
449,449.0,1.0,1.0,1.0,1.0,1.0,1.0,1.0,1.0,1.0,1.0,11236.0,1.0
450,450.0,1.0,1.0,1.0,1.0,1.0,1.0,1.0,1.0,1.0,1.0,11252.0,1.0
451,451.0,1.0,1.0,1.0,1.0,1.0,1.0,1.0,1.0,1.0,1.0,11282.0,1.0
452,452.0,1.0,1.0,1.0,1.0,1.0,1.0,1.0,1.0,1.0,1.0,11310.0,0.0
453,453.0,1.0,1.0,1.0,1.0,1.0,1.0,1.0,1.0,1.0,1.0,11340.0,0.0
454,454.0,1.0,1.0,1.0,1.0,1.0,1.0,1.0,1.0,1.0,1.0,11369.0,0.0
455,455.0,1.0,1.0,1.0,1.0,1.0,1.0,1.0,1.0,1.0,1.0,11386.0,1.0
456,456.0,1.0,1.0,1.0,1.0,1.0,1.0,1.0,1.0,1.0,1.0,11404.0,1.0
457,457.0,1.0,1.0,1.0,1.0,1.0,1.0,1.0,1.0,1.0,1.0,11430.0,1.0
458,458.0,1.0,1.0,1.0,1.0,1.0,1.0,1.0,1.0,1.0,1.0,11454.0,0.0
459,459.0,1.0,1.0,1.0,1.0,1.0,1.0,1.0,1.0,1.0,1.0,11488.0,0.0
460,460.0,1.0,1.0,1.0,1.0,1.0,1.0,1.0,1.0,1.0,1.0,11516.0,0.0
461,461.0,1.0,1.0,1.0,1.0,1.0,1.0,1.0,1.0,1.0,1.0,11526.0,0.0
462,462.0,1.0,1.0,1.0,1.0,1.0,1.0,1.0,1.0,1.0,1.0,11558.0,1.0
463,463.0,1.0,1.0,1.0,1.0,1.0,1.0,1.0,1.0,1.0,1.0,11581.0,1.0
464,464.0,1.0,1.0,1.0,1.0,1.0,1.0,1.0,1.0,1.0,1.0,11604.0,0.0
465,465.0,1.0,1.0,1.0,1.0,1.0,1.0,1.0,1.0,1.0,1.0,11638.0,0.0
466,466.0,1.0,1.0,1.0,1.0,1.0,1.0,1.0,1.0,1.0,1.0,11674.0,0.0
467,467.0,1.0,1.0,1.0,1.0,1.0,1.0,1.0,1.0,1.0,1.0,11683.0,0.0
468,468.0,1.0,1.0,1.0,1.0,1.0,1.0,1.0,1.0,1.0,1.0,11707.0,1.0
469,469.0,1.0,1.0,1.0,1.0,1.0,1.0,1.0,1.0,1.0,1.0,11744.0,0.0
470,470.0,1.0,1.0,1.0,1.0,1.0,1.0,1.0,1.0,1.0,1.0,11755.0,0.0
471,471.0,1.0,1.0,1.0,1.0,1.0,1.0,1.0,1.0,1.0,1.0,11793.0,0.0
472,472.0,1.0,1.0,1.0,1.0,1.0,1.0,1.0,1.0,1.0,1.0,11803.0,1.0
473,473.0,1.0,1.0,1.0,1.0,1.0,1.0,1.0,1.0,1.0,1.0,11837.0,0.0
474,474.0,1.0,1.0,1.0,1.0,1.0,1.0,1.0,1.0,1.0,1.0,11869.0,0.0
475,475.0,1.0,1.0,1.0,1.0,1.0,1.0,1.0,1.0,1.0,1.0,11890.0,1.0
476,476.0,1.0,1.0,1.0,1.0,1.0,1.0,1.0,1.0,1.0,1.0,11903.0,1.0
477,477.0,1.0,1.0,1.0,1.0,1.0,1.0,1.0,1.0,1.0,1.0,11931.0,1.0
478,478.0,1.0,1.0,1.0,1.0,1.0,1.0,1.0,1.0,1.0,1.0,11954.0,1.0
479,479.0,1.0,1.0,1.0,1.0,1.0,1.0,1.0,1.0,1.0,1.0,11977.0,1.0
480,480.0,1.0,1.0,1.0,1.0,1.0,1.0,1.0,1.0,1.0,1.0,12014.0,1.0
481,481.0,1.0,1.0,1.0,1.0,1.0,1.0,1.0,1.0,1.0,1.0,12046.0,0.0
482,482.0,1.0,1.0,1.0,1.0,1.0,1.0,1.0,1.0,1.0,1.0,12057.0,0.0
483,483.0,1.0,1.0,1.0,1.0,1.0,1.0,1.0,1.0,1.0,1.0,12082.0,0.0
484,484.0,1.0,1.0,1.0,1.0,1.0,1.0,1.0,1.0,1.0,1.0,12114.0,1.0
485,485.0,1.0,1.0,1.0,1.0,1.0,1.0,1.0,1.0,1.0,1.0,12127.0,0.0
486,486.0,1.0,1.0,1.0,1.0,1.0,1.0,1.0,1.0,1.0,1.0,12159.0,0.0
487,487.0,1.0,1.0,1.0,1.0,1.0,1.0,1.0,1.0,1.0,1.0,12191.0,0.0
488,488.0,1.0,1.0,1.0,1.0,1.0,1.0,1.0,1.0,1.0,1.0,12204.0,0.0
489,489.0,1.0,1.0,1.0,1.0,1.0,1.0,1.0,1.0,1.0,1.0,12230.0,0.0
490,490.0,1.0,1.0,1.0,1.0,1.0,1.0,1.0,1.0,1.0,1.0,12267.0,1.0
491,491.0,1.0,1.0,1.0,1.0,1.0,1.0,1.0,1.0,1.0,1.0,12290.0,1.0
492,492.0,1.0,1.0,1.0,1.0,1.0,1.0,1.0,1.0,1.0,1.0,12315.0,1.0
493,493.0,1.0,1.0,1.0,1.0,1.0,1.0,1.0,1.0,1.0,1.0,12326.0,0.0
494,494.0,1.0,1.0,1.0,1.0,1.0,1.0,1.0,1.0,1.0,1.0,12354.0,0.0
495,495.0,1.0,1.0,1.0,1.0,1.0,1.0,1.0,1.0,1.0,1.0,12378.0,0.0
496,496.0,1.0,1.0,1.0,1.0,1.0,1.0,1.0,1.0,1.0,1.0,12404.0,0.0
497,497.0,1.0,1.0,1.0,1.0,1.0,1.0,1.0,1.0,1.0,1.0,12443.0,0.0
498,498.0,1.0,1.0,1.0,1.0,1.0,1.0,1.0,1.0,1.0,1.0,12455.0,1.0
499,499.0,1.0,1.0,1.0,1.0,1.0,1.0,1.0,1.0,1.0,1.0,12489.0,1.0
500,500.0,1.0,1.0,1.0,1.0,1.0,1.0,1.0,1.0,1.0,1.0,12517.0,1.0
501,501.0,1.0,1.0,1.0,1.0,1.0,1.0,1.0,1.0,1.0,1.0,12535.0,0.0
502,502.0,1.0,1.0,1.0,1.0,1.0,1.0,1.0,1.0,1.0,1.0,12559.0,0.0
503,503.0,1.0,1.0,1.0,1.0,1.0,1.0,1.0,1.0,1.0,1.0,12579.0,1.0
504,504.0,1.0,1.0,1.0,1.0,1.0,1.0,1.0,1.0,1.0,1.0,12609.0,1.0
505,505.0,1.0,1.0,1.0,1.0,1.0,1.0,1.0,1.0,1.0,1.0,12641.0,1.0
506,506.0,1.0,1.0,1.0,1.0,1.0,1.0,1.0,1.0,1.0,1.0,12666.0,1.0
507,507.0,1.0,1.0,1.0,1.0,1.0,1.0,1.0,1.0,1.0,1.0,12696.0,0.0
508,508.0,1.0,1.0,1.0,1.0,1.0,1.0,1.0,1.0,1.0,1.0,12714.0,1.0
509,509.0,1.0,1.0,1.0,1.0,1.0,1.0,1.0,1.0,1.0,1.0,12728.0,1.0
510,510.0,1.0,1.0,1.0,1.0,1.0,1.0,1.0,1.0,1.0,1.0,12768.0,0.0
511,511.0,1.0,1.0,1.0,1.0,1.0,1.0,1.0,1.0,1.0,1.0,12780.0,1.0
512,512.0,1.0,1.0,1.0,1.0,1.0,1.0,1.0,1.0,1.0,1.0,12816.0,0.0
513,513.0,1.0,1.0,1.0,1.0,1.0,1.0,1.0,1.0,1.0,1.0,12846.0,0.0
514,514.0,1.0,1.0,1.0,1.0,1.0,1.0,1.0,1.0,1.0,1.0,12856.0,0.0
515,515.0,1.0,1.0,1.0,1.0,1.0,1.0,1.0,1.0,1.0,1.0,12877.0,1.0
516,516.0,1.0,1.0,1.0,1.0,1.0,1.0,1.0,1.0,1.0,1.0,12918.0,0.0
517,517.0,1.0,1.0,1.0,1.0,1.0,1.0,1.0,1.0,1.0,1.0,12949.0,0.0
518,518.0,1.0,1.0,1.0,1.0,1.0,1.0,1.0,1.0,1.0,1.0,12958.0,1.0
519,519.0,1.0,1.0,1.0,1.0,1.0,1.0,1.0,1.0,1.0,1.0,12993.0,0.0
520,520.0,1.0,1.0,1.0,1.0,1.0,1.0,1.0,1.0,1.0,1.0,13005.0,0.0
521,521.0,1.0,1.0,1.0,1.0,1.0,1.0,1.0,1.0,1.0,1.0,13029.0,1.0
522,522.0,1.0,1.0,1.0,1.0,1.0,1.0,1.0,1.0,1.0,1.0,13055.0,1.0
523,523.0,1.0,1.0,1.0,1.0,1.0,1.0,1.0,1.0,1.0,1.0,13088.0,0.0
524,524.0,1.0,1.0,1.0,1.0,1.0,1.0,1.0,1.0,1.0,1.0,13115.0,0.0
525,525.0,1.0,1.0,1.0,1.0,1.0,1.0,1.0,1.0,1.0,1.0,13135.0,1.0
526,526.0,1.0,1.0,1.0,1.0,1.0,1.0,1.0,1.0,1.0,1.0,13157.0,1.0
527,527.0,1.0,1.0,1.0,1.0,1.0,1.0,1.0,1.0,1.0,1.0,13175.0,0.0
528,528.0,1.0,1.0,1.0,1.0,1.0,1.0,1.0,1.0,1.0,1.0,13219.0,1.0
529,529.0,1.0,1.0,1.0,1.0,1.0,1.0,1.0,1.0,1.0,1.0,13243.0,0.0
530,530.0,1.0,1.0,1.0,1.0,1.0,1.0,1.0,1.0,1.0,1.0,13255.0,1.0
531,531.0,1.0,1.0,1.0,1.0,1.0,1.0,1.0,1.0,1.0,1.0,13278.0,0.0
532,532.0,1.0,1.0,1.0,1.0,1.0,1.0,1.0,1.0,1.0,1.0,13318.0,1.0
533,533.0,1.0,1.0,1.0,1.0,1.0,1.0,1.0,1.0,1.0,1.0,13342.0,0.0
534,534.0,1.0,1.0,1.0,1.0,1.0,1.0,1.0,1.0,1.0,1.0,13363.0,1.0
535,535.0,1.0,1.0,1.0,1.0,1.0,1.0,1.0,1.0,1.0,1.0,13375.0,0.0
536,536.0,1.0,1.0,1.0,1.0,1.0,1.0,1.0,1.0,1.0,1.0,13415.0,0.0
537,537.0,1.0,1.0,1.0,1.0,1.0,1.0,1.0,1.0,1.0,1.0,13442.0,0.0
538,538.0,1.0,1.0,1.0,1.0,1.0,1.0,1.0,1.0,1.0,1.0,13455.0,1.0
539,539.0,1.0,1.0,1.0,1.0,1.0,1.0,1.0,1.0,1.0,1.0,13484.0,0.0
540,540.0,1.0,1.0,1.0,1.0,1.0,1.0,1.0,1.0,1.0,1.0,13521.0,0.0
541,541.0,1.0,1.0,1.0,1.0,1.0,1.0,1.0,1.0,1.0,1.0,13529.0,0.0
542,542.0,1.0,1.0,1.0,1.0,1.0,1.0,1.0,1.0,1.0,1.0,13569.0,0.0
543,543.0,1.0,1.0,1.0,1.0,1.0,1.0,1.0,1.0,1.0,1.0,13581.0,0.0
544,544.0,1.0,1.0,1.0,1.0,1.0,1.0,1.0,1.0,1.0,1.0,13610.0,0.0
545,545.0,1.0,1.0,1.0,1.0,1.0,1.0,1.0,1.0,1.0,1.0,13644.0,1.0
546,546.0,1.0,1.0,1.0,1.0,1.0,1.0,1.0,1.0,1.0,1.0,13661.0,1.0
547,547.0,1.0,1.0,1.0,1.0,1.0,1.0,1.0,1.0,1.0,1.0,13687.0,1.0
548,548.0,1.0,1.0,1.0,1.0,1.0,1.0,1.0,1.0,1.0,1.0,13704.0,1.0
549,549.0,1.0,1.0,1.0,1.0,1.0,1.0,1.0,1.0,1.0,1.0,13727.0,0.0
550,550.0,1.0,1.0,1.0,1.0,1.0,1.0,1.0,1.0,1.0,1.0,13769.0,0.0
551,551.0,1.0,1.0,1.0,1.0,1.0,1.0,1.0,1.0,1.0,1.0,13784.0,0.0
552,552.0,1.0,1.0,1.0,1.0,1.0,1.0,1.0,1.0,1.0,1.0,13807.0,1.0
553,553.0,1.0,1.0,1.0,1.0,1.0,1.0,1.0,1.0,1.0,1.0,13830.0,0.0
554,554.0,1.0,1.0,1.0,1.0,1.0,1.0,1.0,1.0,1.0,1.0,13866.0,1.0
555,555.0,1.0,1.0,1.0,1.0,1.0,1.0,1.0,1.0,1.0,1.0,13894.0,1.0
556,556.0,1.0,1.0,1.0,1.0,1.0,1.0,1.0,1.0,1.0,1.0,13921.0,0.0
557,557.0,1.0,1.0,1.0,1.0,1.0,1.0,1.0,1.0,1.0,1.0,13949.0,0.0
558,558.0,1.0,1.0,1.0,1.0,1.0,1.0,1.0,1.0,1.0,1.0,13968.0,0.0
559,559.0,1.0,1.0,1.0,1.0,1.0,1.0,1.0,1.0,1.0,1.0,13988.0,0.0
560,560.0,1.0,1.0,1.0,1.0,1.0,1.0,1.0,1.0,1.0,1.0,14019.0,0.0
561,561.0,1.0,1.0,1.0,1.0,1.0,1.0,1.0,1.0,1.0,1.0,14030.0,1.0
562,562.0,1.0,1.0,1.0,1.0,1.0,1.0,1.0,1.0,1.0,1.0,14067.0,1.0
563,563.0,1.0,1.0,1.0,1.0,1.0,1.0,1.0,1.0,1.0,1.0,14075.0,1.0
564,564.0,1.0,1.0,1.0,1.0,1.0,1.0,1.0,1.0,1.0,1.0,14103.0,0.0
565,565.0,1.0,1.0,1.0,1.0,1.0,1.0,1.0,1.0,1.0,1.0,14136.0,0.0
566,566.0,1.0,1.0,1.0,1.0,1.0,1.0,1.0,1.0,1.0,1.0,14153.0,1.0
567,567.0,1.0,1.0,1.0,1.0,1.0,1.0,1.0,1.0,1.0,1.0,14178.0,0.0
568,568.0,1.0,1.0,1.0,1.0,1.0,1.0,1.0,1.0,1.0,1.0,14204.0,0.0
569,569.0,1.0,1.0,1.0,1.0,1.0,1.0,1.0,1.0,1.0,1.0,14235.0,1.0
570,570.0,1.0,1.0,1.0,1.0,1.0,1.0,1.0,1.0,1.0,1.0,14255.0,0.0
571,571.0,1.0,1.0,1.0,1.0,1.0,1.0,1.0,1.0,1.0,1.0,14292.0,0.0
572,572.0,1.0,1.0,1.0,1.0,1.0,1.0,1.0,1.0,1.0,1.0,14311.0,1.0
573,573.0,1.0,1.0,1.0,1.0,1.0,1.0,1.0,1.0,1.0,1.0,14346.0,0.0
574,574.0,1.0,1.0,1.0,1.0,1.0,1.0,1.0,1.0,1.0,1.0,14356.0,0.0
575,575.0,1.0,1.0,1.0,1.0,1.0,1.0,1.0,1.0,1.0,1.0,14393.0,1.0
576,576.0,1.0,1.0,1.0,1.0,1.0,1.0,1.0,1.0,1.0,1.0,14415.0,0.0
577,577.0,1.0,1.0,1.0,1.0,1.0,1.0,1.0,1.0,1.0,1.0,14438.0,0.0
578,578.0,1.0,1.0,1.0,1.0,1.0,1.0,1.0,1.0,1.0,1.0,14456.0,0.0
579,579.0,1.0,1.0,1.0,1.0,1.0,1.0,1.0,1.0,1.0,1.0,14483.0,1.0
580,580.0,1.0,1.0,1.0,1.0,1.0,1.0,1.0,1.0,1.0,1.0,14508.0,0.0
581,581.0,1.0,1.0,1.0,1.0,1.0,1.0,1.0,1.0,1.0,1.0,14539.0,0.0
582,582.0,1.0,1.0,1.0,1.0,1.0,1.0,1.0,1.0,1.0,1.0,14566.0,1.0
583,583.0,1.0,1.0,1.0,1.0,1.0,1.0,1.0,1.0,1.0,1.0,14583.0,1.0
584,584.0,1.0,1.0,1.0,1.0,1.0,1.0,1.0,1.0,1.0,1.0,14613.0,1.0
585,585.0,1.0,1.0,1.0,1.0,1.0,1.0,1.0,1.0,1.0,1.0,14631.0,0.0
586,586.0,1.0,1.0,1.0,1.0,1.0,1.0,1.0,1.0,1.0,1.0,14659.0,0.0
587,587.0,1.0,1.0,1.0,1.0,1.0,1.0,1.0,1.0,1.0,1.0,14691.0,1.0
588,588.0,1.0,1.0,1.0,1.0,1.0,1.0,1.0,1.0,1.0,1.0,14717.0,0.0
589,589.0,1.0,1.0,1.0,1.0,1.0,1.0,1.0,1.0,1.0,1.0,14749.0,0.0
590,590.0,1.0,1.0,1.0,1.0,1.0,1.0,1.0,1.0,1.0,1.0,14756.0,0.0
591,591.0,1.0,1.0,1.0,1.0,1.0,1.0,1.0,1.0,1.0,1.0,14790.0,1.0
592,592.0,1.0,1.0,1.0,1.0,1.0,1.0,1.0,1.0,1.0,1.0,14804.0,1.0
593,593.0,1.0,1.0,1.0,1.0,1.0,1.0,1.0,1.0,1.0,1.0,14832.0,1.0
594,594.0,1.0,1.0,1.0,1.0,1.0,1.0,1.0,1.0,1.0,1.0,14854.0,1.0
595,595.0,1.0,1.0,1.0,1.0,1.0,1.0,1.0,1.0,1.0,1.0,14893.0,0.0
596,596.0,1.0,1.0,1.0,1.0,1.0,1.0,1.0,1.0,1.0,1.0,14903.0,0.0
597,597.0,1.0,1.0,1.0,1.0,1.0,1.0,1.0,1.0,1.0,1.0,14932.0,1.0
598,598.0,1.0,1.0,1.0,1.0,1.0,1.0,1.0,1.0,1.0,1.0,14969.0,1.0
599,599.0,1.0,1.0,1.0,1.0,1.0,1.0,1.0,1.0,1.0,1.0,14983.0,1.0
600,600.0,1.0,1.0,1.0,1.0,1.0,1.0,1.0,1.0,1.0,1.0,15007.0,0.0
601,601.0,1.0,1.0,1.0,1.0,1.0,1.0,1.0,1.0,1.0,1.0,15033.0,0.0
602,602.0,1.0,1.0,1.0,1.0,1.0,1.0,1.0,1.0,1.0,1.0,15058.0,0.0
603,603.0,1.0,1.0,1.0,1.0,1.0,1.0,1.0,1.0,1.0,1.0,15078.0,0.0
604,604.0,1.0,1.0,1.0,1.0,1.0,1.0,1.0,1.0,1.0,1.0,15116.0,1.0
605,605.0,1.0,1.0,1.0,1.0,1.0,1.0,1.0,1.0,1.0,1.0,15138.0,1.0
606,606.0,1.0,1.0,1.0,1.0,1.0,1.0,1.0,1.0,1.0,1.0,15161.0,0.0
607,607.0,1.0,1.0,1.0,1.0,1.0,1.0,1.0,1.0,1.0,1.0,15177.0,0.0
608,608.0,1.0,1.0,1.0,1.0,1.0,1.0,1.0,1.0,1.0,1.0,15210.0,1.0
609,609.0,1.0,1.0,1.0,1.0,1.0,1.0,1.0,1.0,1.0,1.0,15239.0,1.0
610,610.0,1.0,1.0,1.0,1.0,1.0,1.0,1.0,1.0,1.0,1.0,15258.0,0.0
611,611.0,1.0,1.0,1.0,1.0,1.0,1.0,1.0,1.0,1.0,1.0,15296.0,0.0
612,612.0,1.0,1.0,1.0,1.0,1.0,1.0,1.0,1.0,1.0,1.0,15317.0,1.0
613,613.0,1.0,1.0,1.0,1.0,1.0,1.0,1.0,1.0,1.0,1.0,15334.0,1.0
614,614.0,1.0,1.0,1.0,1.0,1.0,1.0,1.0,1.0,1.0,1.0,15365.0,1.0
615,615.0,1.0,1.0,1.0,1.0,1.0,1.0,1.0,1.0,1.0,1.0,15392.0,1.0
616,616.0,1.0,1.0,1.0,1.0,1.0,1.0,1.0,1.0,1.0,1.0,15407.0,1.0
617,617.0,1.0,1.0,1.0,1.0,1.0,1.0,1.0,1.0,1.0,1.0,15434.0,1.0
618,618.0,1.0,1.0,1.0,1.0,1.0,1.0,1.0,1.0,1.0,1.0,15450.0,1.0
619,619.0,1.0,1.0,1.0,1.0,1.0,1.0,1.0,1.0,1.0,1.0,15488.0,0.0
620,620.0,1.0,1.0,1.0,1.0,1.0,1.0,1.0,1.0,1.0,1.0,15516.0,1.0
621,621.0,1.0,1.0,1.0,1.0,1.0,1.0,1.0,1.0,1.0,1.0,15530.0,0.0
622,622.0,1.0,1.0,1.0,1.0,1.0,1.0,1.0,1.0,1.0,1.0,15559.0,1.0
623,623.0,1.0,1.0,1.0,1.0,1.0,1.0,1.0,1.0,1.0,1.0,15596.0,0.0
624,624.0,1.0,1.0,1.0,1.0,1.0,1.0,1.0,1.0,1.0,1.0,15611.0,0.0
625,625.0,1.0,1.0,1.0,1.0,1.0,1.0,1.0,1.0,1.0,1.0,15628.0,1.0
626,626.0,1.0,1.0,1.0,1.0,1.0,1.0,1.0,1.0,1.0,1.0,15665.0,0.0
627,627.0,1.0,1.0,1.0,1.0,1.0,1.0,1.0,1.0,1.0,1.0,15693.0,1.0
628,628.0,1.0,1.0,1.0,1.0,1.0,1.0,1.0,1.0,1.0,1.0,15702.0,1.0
629,629.0,1.0,1.0,1.0,1.0,1.0,1.0,1.0,1.0,1.0,1.0,15729.0,1.0
630,630.0,1.0,1.0,1.0,1.0,1.0,1.0,1.0,1.0,1.0,1.0,15767.0,1.0
631,631.0,1.0,1.0,1.0,1.0,1.0,1.0,1.0,1.0,1.0,1.0,15782.0,0.0
632,632.0,1.0,1.0,1.0,1.0,1.0,1.0,1.0,1.0,1.0,1.0,15817.0,0.0
633,633.0,1.0,1.0,1.0,1.0,1.0,1.0,1.0,1.0,1.0,1.0,15848.0,1.0
634,634.0,1.0,1.0,1.0,1.0,1.0,1.0,1.0,1.0,1.0,1.0,15862.0,1.0
635,635.0,1.0,1.0,1.0,1.0,1.0,1.0,1.0,1.0,1.0,1.0,15887.0,0.0
636,636.0,1.0,1.0,1.0,1.0,1.0,1.0,1.0,1.0,1.0,1.0,15903.0,0.0
637,637.0,1.0,1.0,1.0,1.0,1.0,1.0,1.0,1.0,1.0,1.0,15925.0,1.0
638,638.0,1.0,1.0,1.0,1.0,1.0,1.0,1.0,1.0,1.0,1.0,15951.0,0.0
639,639.0,1.0,1.0,1.0,1.0,1.0,1.0,1.0,1.0,1.0,1.0,15982.0,1.0
640,640.0,1.0,1.0,1.0,1.0,1.0,1.0,1.0,1.0,1.0,1.0,16006.0,0.0
641,641.0,1.0,1.0,1.0,1.0,1.0,1.0,1.0,1.0,1.0,1.0,16029.0,0.0
642,642.0,1.0,1.0,1.0,1.0,1.0,1.0,1.0,1.0,1.0,1.0,16061.0,0.0
643,643.0,1.0,1.0,1.0,1.0,1.0,1.0,1.0,1.0,1.0,1.0,16080.0,1.0
644,644.0,1.0,1.0,1.0,1.0,1.0,1.0,1.0,1.0,1.0,1.0,16106.0,0.0
645,645.0,1.0,1.0,1.0,1.0,1.0,1.0,1.0,1.0,1.0,1.0,16137.0,0.0
646,646.0,1.0,1.0,1.0,1.0,1.0,1.0,1.0,1.0,1.0,1.0,16166.0,1.0
647,647.0,1.0,1.0,1.0,1.0,1.0,1.0,1.0,1.0,1.0,1.0,16180.0,1.0
648,648.0,1.0,1.0,1.0,1.0,1.0,1.0,1.0,1.0,1.0,1.0,16202.0,1.0
649,649.0,1.0,1.0,1.0,1.0,1.0,1.0,1.0,1.0,1.0,1.0,16239.0,1.0
650,650.0,1.0,1.0,1.0,1.0,1.0,1.0,1.0,1.0,1.0,1.0,16264.0,0.0
651,651.0,1.0,1.0,1.0,1.0,1.0,1.0,1.0,1.0,1.0,1.0,16293.0,1.0
652,652.0,1.0,1.0,1.0,1.0,1.0,1.0,1.0,1.0,1.0,1.0,16311.0,1.0
653,653.0,1.0,1.0,1.0,1.0,1.0,1.0,1.0,1.0,1.0,1.0,16343.0,1.0
654,654.0,1.0,1.0,1.0,1.0,1.0,1.0,1.0,1.0,1.0,1.0,16366.0,1.0
655,655.0,1.0,1.0,1.0,1.0,1.0,1.0,1.0,1.0,1.0,1.0,16382.0,1.0
656,656.0,1.0,1.0,1.0,1.0,1.0,1.0,1.0,1.0,1.0,1.0,16417.0,1.0
657,657.0,1.0,1.0,1.0,1.0,1.0,1.0,1.0,1.0,1.0,1.0,16430.0,1.0
658,658.0,1.0,1.0,1.0,1.0,1.0,1.0,1.0,1.0,1.0,1.0,16471.0,0.0
659,659.0,1.0,1.0,1.0,1.0,1.0,1.0,1.0,1.0,1.0,1.0,16483.0,1.0
660,660.0,1.0,1.0,1.0,1.0,1.0,1.0,1.0,1.0,1.0,1.0,16510.0,0.0
661,661.0,1.0,1.0,1.0,1.0,1.0,1.0,1.0,1.0,1.0,1.0,16527.0,1.0
662,662.0,1.0,1.0,1.0,1.0,1.0,1.0,1.0,1.0,1.0,1.0,16564.0,1.0
663,663.0,1.0,1.0,1.0,1.0,1.0,1.0,1.0,1.0,1.0,1.0,16576.0,1.0
664,664.0,1.0,1.0,1.0,1.0,1.0,1.0,1.0,1.0,1.0,1.0,16617.0,0.0
665,665.0,1.0,1.0,1.0,1.0,1.0,1.0,1.0,1.0,1.0,1.0,16635.0,0.0
666,666.0,1.0,1.0,1.0,1.0,1.0,1.0,1.0,1.0,1.0,1.0,16659.0,1.0
667,667.0,1.0,1.0,1.0,1.0,1.0,1.0,1.0,1.0,1.0,1.0,16681.0,0.0
668,668.0,1.0,1.0,1.0,1.0,1.0,1.0,1.0,1.0,1.0,1.0,16709.0,0.0
669,669.0,1.0,1.0,1.0,1.0,1.0,1.0,1.0,1.0,1.0,1.0,16726.0,0.0
670,670.0,1.0,1.0,1.0,1.0,1.0,1.0,1.0,1.0,1.0,1.0,16752.0,1.0
671,671.0,1.0,1.0,1.0,1.0,1.0,1.0,1.0,1.0,1.0,1.0,16784.0,1.0
672,672.0,1.0,1.0,1.0,1.0,1.0,1.0,1.0,1.0,1.0,1.0,16803.0,1.0
673,673.0,1.0,1.0,1.0,1.0,1.0,1.0,1.0,1.0,1.0,1.0,16839.0,1.0
674,674.0,1.0,1.0,1.0,1.0,1.0,1.0,1.0,1.0,1.0,1.0,16874.0,0.0
675,675.0,1.0,1.0,1.0,1.0,1.0,1.0,1.0,1.0,1.0,1.0,16884.0,0.0
676,676.0,1.0,1.0,1.0,1.0,1.0,1.0,1.0,1.0,1.0,1.0,16900.0,0.0
677,677.0,1.0,1.0,1.0,1.0,1.0,1.0,1.0,1.0,1.0,1.0,16932.0,0.0
678,678.0,1.0,1.0,1.0,1.0,1.0,1.0,1.0,1.0,1.0,1.0,16972.0,1.0
679,679.0,1.0,1.0,1.0,1.0,1.0,1.0,1.0,1.0,1.0,1.0,16999.0,0.0
680,680.0,1.0,1.0,1.0,1.0,1.0,1.0,1.0,1.0,1.0,1.0,17006.0,1.0
681,681.0,1.0,1.0,1.0,1.0,1.0,1.0,1.0,1.0,1.0,1.0,17029.0,1.0
682,682.0,1.0,1.0,1.0,1.0,1.0,1.0,1.0,1.0,1.0,1.0,17060.0,1.0
683,683.0,1.0,1.0,1.0,1.0,1.0,1.0,1.0,1.0,1.0,1.0,17082.0,0.0
684,684.0,1.0,1.0,1.0,1.0,1.0,1.0,1.0,1.0,1.0,1.0,17111.0,1.0
685,685.0,1.0,1.0,1.0,1.0,1.0,1.0,1.0,1.0,1.0,1.0,17142.0,0.0
686,686.0,1.0,1.0,1.0,1.0,1.0,1.0,1.0,1.0,1.0,1.0,17157.0,0.0
687,687.0,1.0,1.0,1.0,1.0,1.0,1.0,1.0,1.0,1.0,1.0,17191.0,1.0
688,688.0,1.0,1.0,1.0,1.0,1.0,1.0,1.0,1.0,1.0,1.0,17221.0,0.0
689,689.0,1.0,1.0,1.0,1.0,1.0,1.0,1.0,1.0,1.0,1.0,17241.0,0.0
690,690.0,1.0,1.0,1.0,1.0,1.0,1.0,1.0,1.0,1.0,1.0,17269.0,1.0
691,691.0,1.0,1.0,1.0,1.0,1.0,1.0,1.0,1.0,1.0,1.0,17287.0,1.0
692,692.0,1.0,1.0,1.0,1.0,1.0,1.0,1.0,1.0,1.0,1.0,17310.0,1.0
693,693.0,1.0,1.0,1.0,1.0,1.0,1.0,1.0,1.0,1.0,1.0,17329.0,1.0
694,694.0,1.0,1.0,1.0,1.0,1.0,1.0,1.0,1.0,1.0,1.0,17355.0,1.0
695,695.0,1.0,1.0,1.0,1.0,1.0,1.0,1.0,1.0,1.0,1.0,17384.0,0.0
696,696.0,1.0,1.0,1.0,1.0,1.0,1.0,1.0,1.0,1.0,1.0,17411.0,1.0
697,697.0,1.0,1.0,1.0,1.0,1.0,1.0,1.0,1.0,1.0,1.0,17431.0,0.0
698,698.0,1.0,1.0,1.0,1.0,1.0,1.0,1.0,1.0,1.0,1.0,17474.0,0.0
699,699.0,1.0,1.0,1.0,1.0,1.0,1.0,1.0,1.0,1.0,1.0,17475.0,0.0
700,700.0,1.0,1.0,1.0,1.0,1.0,1.0,1.0,1.0,1.0,1.0,17505.0,1.0
701,701.0,1.0,1.0,1.0,1.0,1.0,1.0,1.0,1.0,1.0,1.0,17533.0,1.0
702,702.0,1.0,1.0,1.0,1.0,1.0,1.0,1.0,1.0,1.0,1.0,17557.0,1.0
703,703.0,1.0,1.0,1.0,1.0,1.0,1.0,1.0,1.0,1.0,1.0,17586.0,1.0
704,704.0,1.0,1.0,1.0,1.0,1.0,1.0,1.0,1.0,1.0,1.0,17615.0,1.0
705,705.0,1.0,1.0,1.0,1.0,1.0,1.0,1.0,1.0,1.0,1.0,17633.0,0.0
706,706.0,1.0,1.0,1.0,1.0,1.0,1.0,1.0,1.0,1.0,1.0,17657.0,0.0
707,707.0,1.0,1.0,1.0,1.0,1.0,1.0,1.0,1.0,1.0,1.0,17680.0,0.0
708,708.0,1.0,1.0,1.0,1.0,1.0,1.0,1.0,1.0,1.0,1.0,17700.0,1.0
709,709.0,1.0,1.0,1.0,1.0,1.0,1.0,1.0,1.0,1.0,1.0,17742.0,1.0
710,710.0,1.0,1.0,1.0,1.0,1.0,1.0,1.0,1.0,1.0,1.0,17762.0,1.0
711,711.0,1.0,1.0,1.0,1.0,1.0,1.0,1.0,1.0,1.0,1.0,17778.0,1.0
712,712.0,1.0,1.0,1.0,1.0,1.0,1.0,1.0,1.0,1.0,1.0,17819.0,0.0
713,713.0,1.0,1.0,1.0,1.0,1.0,1.0,1.0,1.0,1.0,1.0,17834.0,0.0
714,714.0,1.0,1.0,1.0,1.0,1.0,1.0,1.0,1.0,1.0,1.0,17861.0,0.0
715,715.0,1.0,1.0,1.0,1.0,1.0,1.0,1.0,1.0,1.0,1.0,17885.0,0.0
716,716.0,1.0,1.0,1.0,1.0,1.0,1.0,1.0,1.0,1.0,1.0,17903.0,0.0
717,717.0,1.0,1.0,1.0,1.0,1.0,1.0,1.0,1.0,1.0,1.0,17926.0,1.0
718,718.0,1.0,1.0,1.0,1.0,1.0,1.0,1.0,1.0,1.0,1.0,17959.0,1.0
719,719.0,1.0,1.0,1.0,1.0,1.0,1.0,1.0,1.0,1.0,1.0,17977.0,0.0
720,720.0,1.0,1.0,1.0,1.0,1.0,1.0,1.0,1.0,1.0,1.0,18018.0,1.0
721,721.0,1.0,1.0,1.0,1.0,1.0,1.0,1.0,1.0,1.0,1.0,18044.0,0.0
722,722.0,1.0,1.0,1.0,1.0,1.0,1.0,1.0,1.0,1.0,1.0,18054.0,1.0
723,723.0,1.0,1.0,1.0,1.0,1.0,1.0,1.0,1.0,1.0,1.0,18083.0,0.0
724,724.0,1.0,1.0,1.0,1.0,1.0,1.0,1.0,1.0,1.0,1.0,18103.0,0.0
725,725.0,1.0,1.0,1.0,1.0,1.0,1.0,1.0,1.0,1.0,1.0,18146.0,0.0
726,726.0,1.0,1.0,1.0,1.0,1.0,1.0,1.0,1.0,1.0,1.0,18174.0,0.0
727,727.0,1.0,1.0,1.0,1.0,1.0,1.0,1.0,1.0,1.0,1.0,18178.0,0.0
728,728.0,1.0,1.0,1.0,1.0,1.0,1.0,1.0,1.0,1.0,1.0,18224.0,0.0
729,729.0,1.0,1.0,1.0,1.0,1.0,1.0,1.0,1.0,1.0,1.0,18233.0,0.0
730,730.0,1.0,1.0,1.0,1.0,1.0,1.0,1.0,1.0,1.0,1.0,18265.0,0.0
731,731.0,1.0,1.0,1.0,1.0,1.0,1.0,1.0,1.0,1.0,1.0,18281.0,0.0
732,732.0,1.0,1.0,1.0,1.0,1.0,1.0,1.0,1.0,1.0,1.0,18311.0,1.0
733,733.0,1.0,1.0,1.0,1.0,1.0,1.0,1.0,1.0,1.0,1.0,18344.0,1.0
734,734.0,1.0,1.0,1.0,1.0,1.0,1.0,1.0,1.0,1.0,1.0,18366.0,1.0
735,735.0,1.0,1.0,1.0,1.0,1.0,1.0,1.0,1.0,1.0,1.0,18379.0,1.0
736,736.0,1.0,1.0,1.0,1.0,1.0,1.0,1.0,1.0,1.0,1.0,18405.0,1.0
737,737.0,1.0,1.0,1.0,1.0,1.0,1.0,1.0,1.0,1.0,1.0,18431.0,0.0
738,738.0,1.0,1.0,1.0,1.0,1.0,1.0,1.0,1.0,1.0,1.0,18454.0,1.0
739,739.0,1.0,1.0,1.0,1.0,1.0,1.0,1.0,1.0,1.0,1.0,18478.0,0.0
740,740.0,1.0,1.0,1.0,1.0,1.0,1.0,1.0,1.0,1.0,1.0,18505.0,1.0
741,741.0,1.0,1.0,1.0,1.0,1.0,1.0,1.0,1.0,1.0,1.0,18531.0,1.0
742,742.0,1.0,1.0,1.0,1.0,1.0,1.0,1.0,1.0,1.0,1.0,18567.0,1.0
743,743.0,1.0,1.0,1.0,1.0,1.0,1.0,1.0,1.0,1.0,1.0,18582.0,1.0
744,744.0,1.0,1.0,1.0,1.0,1.0,1.0,1.0,1.0,1.0,1.0,18605.0,0.0
745,745.0,1.0,1.0,1.0,1.0,1.0,1.0,1.0,1.0,1.0,1.0,18631.0,1.0
746,746.0,1.0,1.0,1.0,1.0,1.0,1.0,1.0,1.0,1.0,1.0,18657.0,1.0
747,747.0,1.0,1.0,1.0,1.0,1.0,1.0,1.0,1.0,1.0,1.0,18680.0,1.0
748,748.0,1.0,1.0,1.0,1.0,1.0,1.0,1.0,1.0,1.0,1.0,18718.0,1.0
749,749.0,1.0,1.0,1.0,1.0,1.0,1.0,1.0,1.0,1.0,1.0,18740.0,1.0
750,750.0,1.0,1.0,1.0,1.0,1.0,1.0,1.0,1.0,1.0,1.0,18758.0,1.0
751,751.0,1.0,1.0,1.0,1.0,1.0,1.0,1.0,1.0,1.0,1.0,18780.0,1.0
752,752.0,1.0,1.0,1.0,1.0,1.0,1.0,1.0,1.0,1.0,1.0,18805.0,1.0
753,753.0,1.0,1.0,1.0,1.0,1.0,1.0,1.0,1.0,1.0,1.0,18839.0,0.0
754,754.0,1.0,1.0,1.0,1.0,1.0,1.0,1.0,1.0,1.0,1.0,18862.0,1.0
755,755.0,1.0,1.0,1.0,1.0,1.0,1.0,1.0,1.0,1.0,1.0,18881.0,1.0
756,756.0,1.0,1.0,1.0,1.0,1.0,1.0,1.0,1.0,1.0,1.0,18906.0,0.0
757,757.0,1.0,1.0,1.0,1.0,1.0,1.0,1.0,1.0,1.0,1.0,18935.0,1.0
758,758.0,1.0,1.0,1.0,1.0,1.0,1.0,1.0,1.0,1.0,1.0,18955.0,0.0
759,759.0,1.0,1.0,1.0,1.0,1.0,1.0,1.0,1.0,1.0,1.0,18985.0,0.0
760,760.0,1.0,1.0,1.0,1.0,1.0,1.0,1.0,1.0,1.0,1.0,19015.0,0.0
761,761.0,1.0,1.0,1.0,1.0,1.0,1.0,1.0,1.0,1.0,1.0,19029.0,1.0
762,762.0,1.0,1.0,1.0,1.0,1.0,1.0,1.0,1.0,1.0,1.0,19052.0,0.0
763,763.0,1.0,1.0,1.0,1.0,1.0,1.0,1.0,1.0,1.0,1.0,19080.0,1.0
764,764.0,1.0,1.0,1.0,1.0,1.0,1.0,1.0,1.0,1.0,1.0,19101.0,1.0
765,765.0,1.0,1.0,1.0,1.0,1.0,1.0,1.0,1.0,1.0,1.0,19144.0,1.0
766,766.0,1.0,1.0,1.0,1.0,1.0,1.0,1.0,1.0,1.0,1.0,19152.0,0.0
767,767.0,1.0,1.0,1.0,1.0,1.0,1.0,1.0,1.0,1.0,1.0,19183.0,1.0
768,768.0,1.0,1.0,1.0,1.0,1.0,1.0,1.0,1.0,1.0,1.0,19203.0,1.0
769,769.0,1.0,1.0,1.0,1.0,1.0,1.0,1.0,1.0,1.0,1.0,19239.0,0.0
770,770.0,1.0,1.0,1.0,1.0,1.0,1.0,1.0,1.0,1.0,1.0,19259.0,1.0
771,771.0,1.0,1.0,1.0,1.0,1.0,1.0,1.0,1.0,1.0,1.0,19288.0,1.0
772,772.0,1.0,1.0,1.0,1.0,1.0,1.0,1.0,1.0,1.0,1.0,19324.0,0.0
773,773.0,1.0,1.0,1.0,1.0,1.0,1.0,1.0,1.0,1.0,1.0,19339.0,1.0
774,774.0,1.0,1.0,1.0,1.0,1.0,1.0,1.0,1.0,1.0,1.0,19363.0,0.0
775,775.0,1.0,1.0,1.0,1.0,1.0,1.0,1.0,1.0,1.0,1.0,19384.0,1.0
776,776.0,1.0,1.0,1.0,1.0,1.0,1.0,1.0,1.0,1.0,1.0,19418.0,1.0
777,777.0,1.0,1.0,1.0,1.0,1.0,1.0,1.0,1.0,1.0,1.0,19433.0,0.0
778,778.0,1.0,1.0,1.0,1.0,1.0,1.0,1.0,1.0,1.0,1.0,19454.0,0.0
779,779.0,1.0,1.0,1.0,1.0,1.0,1.0,1.0,1.0,1.0,1.0,19484.0,1.0
780,780.0,1.0,1.0,1.0,1.0,1.0,1.0,1.0,1.0,1.0,1.0,19510.0,1.0
781,781.0,1.0,1.0,1.0,1.0,1.0,1.0,1.0,1.0,1.0,1.0,19534.0,1.0
782,782.0,1.0,1.0,1.0,1.0,1.0,1.0,1.0,1.0,1.0,1.0,19556.0,0.0
783,783.0,1.0,1.0,1.0,1.0,1.0,1.0,1.0,1.0,1.0,1.0,19583.0,0.0
784,784.0,1.0,1.0,1.0,1.0,1.0,1.0,1.0,1.0,1.0,1.0,19624.0,0.0
785,785.0,1.0,1.0,1.0,1.0,1.0,1.0,1.0,1.0,1.0,1.0,19631.0,0.0
786,786.0,1.0,1.0,1.0,1.0,1.0,1.0,1.0,1.0,1.0,1.0,19669.0,1.0
787,787.0,1.0,1.0,1.0,1.0,1.0,1.0,1.0,1.0,1.0,1.0,19688.0,1.0
788,788.0,1.0,1.0,1.0,1.0,1.0,1.0,1.0,1.0,1.0,1.0,19712.0,0.0
789,789.0,1.0,1.0,1.0,1.0,1.0,1.0,1.0,1.0,1.0,1.0,19743.0,0.0
790,790.0,1.0,1.0,1.0,1.0,1.0,1.0,1.0,1.0,1.0,1.0,19762.0,1.0
791,791.0,1.0,1.0,1.0,1.0,1.0,1.0,1.0,1.0,1.0,1.0,19782.0,1.0
792,792.0,1.0,1.0,1.0,1.0,1.0,1.0,1.0,1.0,1.0,1.0,19811.0,1.0
793,793.0,1.0,1.0,1.0,1.0,1.0,1.0,1.0,1.0,1.0,1.0,19843.0,1.0
794,794.0,1.0,1.0,1.0,1.0,1.0,1.0,1.0,1.0,1.0,1.0,19868.0,1.0
795,795.0,1.0,1.0,1.0,1.0,1.0,1.0,1.0,1.0,1.0,1.0,19881.0,1.0
796,796.0,1.0,1.0,1.0,1.0,1.0,1.0,1.0,1.0,1.0,1.0,19910.0,1.0
797,797.0,1.0,1.0,1.0,1.0,1.0,1.0,1.0,1.0,1.0,1.0,19928.0,1.0
798,798.0,1.0,1.0,1.0,1.0,1.0,1.0,1.0,1.0,1.0,1.0,19969.0,1.0
799,799.0,1.0,1.0,1.0,1.0,1.0,1.0,1.0,1.0,1.0,1.0,19981.0,1.0
